IVId,ReadingId,Voltage,CurrentAmp
1,1,0.0,8.5
2,1,0.5,6.93
3,1,1.0,8.56
4,1,1.5,7.29
5,1,2.0,7.97
6,1,2.5,7.07
7,1,3.0,7.54
8,1,3.5,6.66
9,1,4.0,7.37
10,1,4.5,7.56
11,2,0.0,8.33
12,2,0.5,8.2
13,2,1.0,7.08
14,2,1.5,7.29
15,2,2.0,7.5
16,2,2.5,8.4
17,2,3.0,8.07
18,2,3.5,8.1
19,2,4.0,7.89
20,2,4.5,7.81
21,3,0.0,8.84
22,3,0.5,7.14
23,3,1.0,7.87
24,3,1.5,8.61
25,3,2.0,6.92
26,3,2.5,7.6
27,3,3.0,7.54
28,3,3.5,7.97
29,3,4.0,7.04
30,3,4.5,6.49
31,4,0.0,8.97
32,4,0.5,8.16
33,4,1.0,7.86
34,4,1.5,7.07
35,4,2.0,7.51
36,4,2.5,6.67
37,4,3.0,6.67
38,4,3.5,7.26
39,4,4.0,6.57
40,4,4.5,6.28
41,5,0.0,8.53
42,5,0.5,7.42
43,5,1.0,7.01
44,5,1.5,7.86
45,5,2.0,8.04
46,5,2.5,8.21
47,5,3.0,6.85
48,5,3.5,7.45
49,5,4.0,7.15
50,5,4.5,6.56
51,6,0.0,8.83
52,6,0.5,8.66
53,6,1.0,8.07
54,6,1.5,7.27
55,6,2.0,7.3
56,6,2.5,8.2
57,6,3.0,7.36
58,6,3.5,8.08
59,6,4.0,7.05
60,6,4.5,6.8
61,7,0.0,7.09
62,7,0.5,7.34
63,7,1.0,8.45
64,7,1.5,8.01
65,7,2.0,7.29
66,7,2.5,8.39
67,7,3.0,7.79
68,7,3.5,7.97
69,7,4.0,8.14
70,7,4.5,7.54
71,8,0.0,8.69
72,8,0.5,6.95
73,8,1.0,7.81
74,8,1.5,8.51
75,8,2.0,7.47
76,8,2.5,6.77
77,8,3.0,6.68
78,8,3.5,8.01
79,8,4.0,7.1
80,8,4.5,7.83
81,9,0.0,8.48
82,9,0.5,7.78
83,9,1.0,8.25
84,9,1.5,6.98
85,9,2.0,8.55
86,9,2.5,7.57
87,9,3.0,6.79
88,9,3.5,6.37
89,9,4.0,7.32
90,9,4.5,6.7
91,10,0.0,8.12
92,10,0.5,7.78
93,10,1.0,7.9
94,10,1.5,7.76
95,10,2.0,7.88
96,10,2.5,6.93
97,10,3.0,6.52
98,10,3.5,6.38
99,10,4.0,7.8
100,10,4.5,6.69
101,11,0.0,8.45
102,11,0.5,8.49
103,11,1.0,8.16
104,11,1.5,7.61
105,11,2.0,7.97
106,11,2.5,8.39
107,11,3.0,7.92
108,11,3.5,6.75
109,11,4.0,7.56
110,11,4.5,6.33
111,12,0.0,7.8
112,12,0.5,8.1
113,12,1.0,8.76
114,12,1.5,8.22
115,12,2.0,6.85
116,12,2.5,8.4
117,12,3.0,6.88
118,12,3.5,8.08
119,12,4.0,6.69
120,12,4.5,7.5
121,13,0.0,8.67
122,13,0.5,8.75
123,13,1.0,7.83
124,13,1.5,8.16
125,13,2.0,8.39
126,13,2.5,7.86
127,13,3.0,7.71
128,13,3.5,7.82
129,13,4.0,6.95
130,13,4.5,6.12
131,14,0.0,8.28
132,14,0.5,8.83
133,14,1.0,8.35
134,14,1.5,6.8
135,14,2.0,7.89
136,14,2.5,7.69
137,14,3.0,7.65
138,14,3.5,7.94
139,14,4.0,8.1
140,14,4.5,8.07
141,15,0.0,8.51
142,15,0.5,7.4
143,15,1.0,7.78
144,15,1.5,7.5
145,15,2.0,6.81
146,15,2.5,8.16
147,15,3.0,6.88
148,15,3.5,6.54
149,15,4.0,7.13
150,15,4.5,6.14
151,16,0.0,8.31
152,16,0.5,7.35
153,16,1.0,8.74
154,16,1.5,6.81
155,16,2.0,7.03
156,16,2.5,6.85
157,16,3.0,6.97
158,16,3.5,7.66
159,16,4.0,7.02
160,16,4.5,7.57
161,17,0.0,8.89
162,17,0.5,7.61
163,17,1.0,7.13
164,17,1.5,7.63
165,17,2.0,7.91
166,17,2.5,8.34
167,17,3.0,6.4
168,17,3.5,7.37
169,17,4.0,7.87
170,17,4.5,7.62
171,18,0.0,8.2
172,18,0.5,8.16
173,18,1.0,7.51
174,18,1.5,8.59
175,18,2.0,7.81
176,18,2.5,7.1
177,18,3.0,7.96
178,18,3.5,7.7
179,18,4.0,6.92
180,18,4.5,6.39
181,19,0.0,7.76
182,19,0.5,8.23
183,19,1.0,8.56
184,19,1.5,8.03
185,19,2.0,7.76
186,19,2.5,6.57
187,19,3.0,6.94
188,19,3.5,8.15
189,19,4.0,7.4
190,19,4.5,7.57
191,20,0.0,7.69
192,20,0.5,8.75
193,20,1.0,6.89
194,20,1.5,6.89
195,20,2.0,6.86
196,20,2.5,6.96
197,20,3.0,8.21
198,20,3.5,7.43
199,20,4.0,6.61
200,20,4.5,6.22
201,21,0.0,8.56
202,21,0.5,8.02
203,21,1.0,8.69
204,21,1.5,8.57
205,21,2.0,8.5
206,21,2.5,7.93
207,21,3.0,7.6
208,21,3.5,6.31
209,21,4.0,7.63
210,21,4.5,7.57
211,22,0.0,8.4
212,22,0.5,7.64
213,22,1.0,7.57
214,22,1.5,6.73
215,22,2.0,7.93
216,22,2.5,7.81
217,22,3.0,7.82
218,22,3.5,6.88
219,22,4.0,6.61
220,22,4.5,7.4
221,23,0.0,7.25
222,23,0.5,8.36
223,23,1.0,7.81
224,23,1.5,7.24
225,23,2.0,8.11
226,23,2.5,7.04
227,23,3.0,7.7
228,23,3.5,7.23
229,23,4.0,8.05
230,23,4.5,6.82
231,24,0.0,7.66
232,24,0.5,8.56
233,24,1.0,8.65
234,24,1.5,7.66
235,24,2.0,7.88
236,24,2.5,7.39
237,24,3.0,8.31
238,24,3.5,6.32
239,24,4.0,7.71
240,24,4.5,6.2
241,25,0.0,8.24
242,25,0.5,7.4
243,25,1.0,7.29
244,25,1.5,7.84
245,25,2.0,7.52
246,25,2.5,7.05
247,25,3.0,7.15
248,25,3.5,7.07
249,25,4.0,7.51
250,25,4.5,6.33
251,26,0.0,8.64
252,26,0.5,8.55
253,26,1.0,8.33
254,26,1.5,6.82
255,26,2.0,7.31
256,26,2.5,7.77
257,26,3.0,7.31
258,26,3.5,6.42
259,26,4.0,7.18
260,26,4.5,7.45
261,27,0.0,8.31
262,27,0.5,6.94
263,27,1.0,7.08
264,27,1.5,7.72
265,27,2.0,6.69
266,27,2.5,7.95
267,27,3.0,7.74
268,27,3.5,8.27
269,27,4.0,6.47
270,27,4.5,7.13
271,28,0.0,8.09
272,28,0.5,7.85
273,28,1.0,6.89
274,28,1.5,6.84
275,28,2.0,7.13
276,28,2.5,7.72
277,28,3.0,7.69
278,28,3.5,7.03
279,28,4.0,7.58
280,28,4.5,7.02
281,29,0.0,8.6
282,29,0.5,7.63
283,29,1.0,8.29
284,29,1.5,7.9
285,29,2.0,8.4
286,29,2.5,8.16
287,29,3.0,7.02
288,29,3.5,6.44
289,29,4.0,8.18
290,29,4.5,7.52
291,30,0.0,8.74
292,30,0.5,6.91
293,30,1.0,7.93
294,30,1.5,8.57
295,30,2.0,6.63
296,30,2.5,8.28
297,30,3.0,7.55
298,30,3.5,6.88
299,30,4.0,6.27
300,30,4.5,7.09
301,31,0.0,7.04
302,31,0.5,7.47
303,31,1.0,8.13
304,31,1.5,8.28
305,31,2.0,6.73
306,31,2.5,7.41
307,31,3.0,7.44
308,31,3.5,6.31
309,31,4.0,7.85
310,31,4.5,7.92
311,32,0.0,7.87
312,32,0.5,8.77
313,32,1.0,6.9
314,32,1.5,7.48
315,32,2.0,7.36
316,32,2.5,6.58
317,32,3.0,7.57
318,32,3.5,7.91
319,32,4.0,7.66
320,32,4.5,7.24
321,33,0.0,7.6
322,33,0.5,7.61
323,33,1.0,6.89
324,33,1.5,6.9
325,33,2.0,6.99
326,33,2.5,7.21
327,33,3.0,6.45
328,33,3.5,6.79
329,33,4.0,6.55
330,33,4.5,6.39
331,34,0.0,7.01
332,34,0.5,7.64
333,34,1.0,8.54
334,34,1.5,7.06
335,34,2.0,6.61
336,34,2.5,6.57
337,34,3.0,8.07
338,34,3.5,6.74
339,34,4.0,6.66
340,34,4.5,7.45
341,35,0.0,7.72
342,35,0.5,7.03
343,35,1.0,6.95
344,35,1.5,8.52
345,35,2.0,7.34
346,35,2.5,8.3
347,35,3.0,7.77
348,35,3.5,6.51
349,35,4.0,7.81
350,35,4.5,7.62
351,36,0.0,8.9
352,36,0.5,7.38
353,36,1.0,8.7
354,36,1.5,8.51
355,36,2.0,7.08
356,36,2.5,6.7
357,36,3.0,8.39
358,36,3.5,7.08
359,36,4.0,6.75
360,36,4.5,6.69
361,37,0.0,7.23
362,37,0.5,8.52
363,37,1.0,8.5
364,37,1.5,7.93
365,37,2.0,7.39
366,37,2.5,7.29
367,37,3.0,7.11
368,37,3.5,7.36
369,37,4.0,7.8
370,37,4.5,6.27
371,38,0.0,8.94
372,38,0.5,7.21
373,38,1.0,8.64
374,38,1.5,7.85
375,38,2.0,7.93
376,38,2.5,6.85
377,38,3.0,6.43
378,38,3.5,7.25
379,38,4.0,8.03
380,38,4.5,7.92
381,39,0.0,7.77
382,39,0.5,6.92
383,39,1.0,7.65
384,39,1.5,8.7
385,39,2.0,7.81
386,39,2.5,6.77
387,39,3.0,7.28
388,39,3.5,7.98
389,39,4.0,6.9
390,39,4.5,6.96
391,40,0.0,7.9
392,40,0.5,8.16
393,40,1.0,7.39
394,40,1.5,7.88
395,40,2.0,8.49
396,40,2.5,7.85
397,40,3.0,6.99
398,40,3.5,8.12
399,40,4.0,6.43
400,40,4.5,6.53
401,41,0.0,7.59
402,41,0.5,8.48
403,41,1.0,8.68
404,41,1.5,8.17
405,41,2.0,8.31
406,41,2.5,6.76
407,41,3.0,7.32
408,41,3.5,7.32
409,41,4.0,7.4
410,41,4.5,6.43
411,42,0.0,7.69
412,42,0.5,7.78
413,42,1.0,7.22
414,42,1.5,8.12
415,42,2.0,7.39
416,42,2.5,6.73
417,42,3.0,7.63
418,42,3.5,7.12
419,42,4.0,6.94
420,42,4.5,7.96
421,43,0.0,7.98
422,43,0.5,6.99
423,43,1.0,6.96
424,43,1.5,8.43
425,43,2.0,8.07
426,43,2.5,7.56
427,43,3.0,6.9
428,43,3.5,8.2
429,43,4.0,8.03
430,43,4.5,6.33
431,44,0.0,8.55
432,44,0.5,8.83
433,44,1.0,7.28
434,44,1.5,7.77
435,44,2.0,7.05
436,44,2.5,6.78
437,44,3.0,6.54
438,44,3.5,7.44
439,44,4.0,7.44
440,44,4.5,7.26
441,45,0.0,8.74
442,45,0.5,7.08
443,45,1.0,7.46
444,45,1.5,6.76
445,45,2.0,8.57
446,45,2.5,6.9
447,45,3.0,8.31
448,45,3.5,6.73
449,45,4.0,7.94
450,45,4.5,7.11
451,46,0.0,8.16
452,46,0.5,7.93
453,46,1.0,8.14
454,46,1.5,8.01
455,46,2.0,7.54
456,46,2.5,8.06
457,46,3.0,7.17
458,46,3.5,7.92
459,46,4.0,7.18
460,46,4.5,7.82
461,47,0.0,8.77
462,47,0.5,8.45
463,47,1.0,7.46
464,47,1.5,8.06
465,47,2.0,7.6
466,47,2.5,7.05
467,47,3.0,7.14
468,47,3.5,7.72
469,47,4.0,7.57
470,47,4.5,7.48
471,48,0.0,8.54
472,48,0.5,8.25
473,48,1.0,7.95
474,48,1.5,7.1
475,48,2.0,6.87
476,48,2.5,7.22
477,48,3.0,7.89
478,48,3.5,6.87
479,48,4.0,7.23
480,48,4.5,7.41
481,49,0.0,8.26
482,49,0.5,7.15
483,49,1.0,7.13
484,49,1.5,8.44
485,49,2.0,8.04
486,49,2.5,7.49
487,49,3.0,6.57
488,49,3.5,7.12
489,49,4.0,7.29
490,49,4.5,7.35
491,50,0.0,8.01
492,50,0.5,7.22
493,50,1.0,8.39
494,50,1.5,8.46
495,50,2.0,7.67
496,50,2.5,7.95
497,50,3.0,6.81
498,50,3.5,7.36
499,50,4.0,7.73
500,50,4.5,7.51
501,51,0.0,8.2
502,51,0.5,8.81
503,51,1.0,7.69
504,51,1.5,7.02
505,51,2.0,6.9
506,51,2.5,7.07
507,51,3.0,8.01
508,51,3.5,7.18
509,51,4.0,6.27
510,51,4.5,6.76
511,52,0.0,8.82
512,52,0.5,7.91
513,52,1.0,8.57
514,52,1.5,8.58
515,52,2.0,8.11
516,52,2.5,7.56
517,52,3.0,6.56
518,52,3.5,8.15
519,52,4.0,7.03
520,52,4.5,6.86
521,53,0.0,8.58
522,53,0.5,8.81
523,53,1.0,8.25
524,53,1.5,8.13
525,53,2.0,7.21
526,53,2.5,7.93
527,53,3.0,7.01
528,53,3.5,6.93
529,53,4.0,6.55
530,53,4.5,7.85
531,54,0.0,7.91
532,54,0.5,8.02
533,54,1.0,7.13
534,54,1.5,7.16
535,54,2.0,7.22
536,54,2.5,8.49
537,54,3.0,7.65
538,54,3.5,6.43
539,54,4.0,6.35
540,54,4.5,7.38
541,55,0.0,8.93
542,55,0.5,7.73
543,55,1.0,8.4
544,55,1.5,7.11
545,55,2.0,7.98
546,55,2.5,6.76
547,55,3.0,6.56
548,55,3.5,6.77
549,55,4.0,7.77
550,55,4.5,6.5
551,56,0.0,7.52
552,56,0.5,8.88
553,56,1.0,6.99
554,56,1.5,6.84
555,56,2.0,6.6
556,56,2.5,8.26
557,56,3.0,7.97
558,56,3.5,6.79
559,56,4.0,8.06
560,56,4.5,6.43
561,57,0.0,7.63
562,57,0.5,7.41
563,57,1.0,6.98
564,57,1.5,8.11
565,57,2.0,7.45
566,57,2.5,6.94
567,57,3.0,8.08
568,57,3.5,6.32
569,57,4.0,7.74
570,57,4.5,6.88
571,58,0.0,8.48
572,58,0.5,7.12
573,58,1.0,7.5
574,58,1.5,7.51
575,58,2.0,6.89
576,58,2.5,6.54
577,58,3.0,6.41
578,58,3.5,7.43
579,58,4.0,6.5
580,58,4.5,7.83
581,59,0.0,8.91
582,59,0.5,7.05
583,59,1.0,7.21
584,59,1.5,7.82
585,59,2.0,8.52
586,59,2.5,6.87
587,59,3.0,6.42
588,59,3.5,6.99
589,59,4.0,7.29
590,59,4.5,7.76
591,60,0.0,8.47
592,60,0.5,7.01
593,60,1.0,7.0
594,60,1.5,8.43
595,60,2.0,7.25
596,60,2.5,6.94
597,60,3.0,6.93
598,60,3.5,6.73
599,60,4.0,7.48
600,60,4.5,7.58
601,61,0.0,8.94
602,61,0.5,8.38
603,61,1.0,8.5
604,61,1.5,7.08
605,61,2.0,7.38
606,61,2.5,7.03
607,61,3.0,7.9
608,61,3.5,7.2
609,61,4.0,7.74
610,61,4.5,7.99
611,62,0.0,7.6
612,62,0.5,8.0
613,62,1.0,8.65
614,62,1.5,8.44
615,62,2.0,7.26
616,62,2.5,8.23
617,62,3.0,6.43
618,62,3.5,6.33
619,62,4.0,7.68
620,62,4.5,7.38
621,63,0.0,7.92
622,63,0.5,7.4
623,63,1.0,7.0
624,63,1.5,8.09
625,63,2.0,8.16
626,63,2.5,7.94
627,63,3.0,7.95
628,63,3.5,7.25
629,63,4.0,7.79
630,63,4.5,6.3
631,64,0.0,7.86
632,64,0.5,8.78
633,64,1.0,7.71
634,64,1.5,6.81
635,64,2.0,6.83
636,64,2.5,7.36
637,64,3.0,8.26
638,64,3.5,6.83
639,64,4.0,6.67
640,64,4.5,6.59
641,65,0.0,8.91
642,65,0.5,7.29
643,65,1.0,8.47
644,65,1.5,7.04
645,65,2.0,8.31
646,65,2.5,6.91
647,65,3.0,8.19
648,65,3.5,7.63
649,65,4.0,7.0
650,65,4.5,7.01
651,66,0.0,8.29
652,66,0.5,8.86
653,66,1.0,8.26
654,66,1.5,8.49
655,66,2.0,8.31
656,66,2.5,7.25
657,66,3.0,7.61
658,66,3.5,6.96
659,66,4.0,7.16
660,66,4.5,7.27
661,67,0.0,8.28
662,67,0.5,7.44
663,67,1.0,7.8
664,67,1.5,7.01
665,67,2.0,7.3
666,67,2.5,7.53
667,67,3.0,6.59
668,67,3.5,6.9
669,67,4.0,8.19
670,67,4.5,7.48
671,68,0.0,7.92
672,68,0.5,7.05
673,68,1.0,8.14
674,68,1.5,7.11
675,68,2.0,7.38
676,68,2.5,8.15
677,68,3.0,7.38
678,68,3.5,6.53
679,68,4.0,7.15
680,68,4.5,6.59
681,69,0.0,8.88
682,69,0.5,7.47
683,69,1.0,6.87
684,69,1.5,7.89
685,69,2.0,7.21
686,69,2.5,7.35
687,69,3.0,7.05
688,69,3.5,7.24
689,69,4.0,6.82
690,69,4.5,6.46
691,70,0.0,7.89
692,70,0.5,7.63
693,70,1.0,8.4
694,70,1.5,8.18
695,70,2.0,7.38
696,70,2.5,8.23
697,70,3.0,6.47
698,70,3.5,8.22
699,70,4.0,6.4
700,70,4.5,7.37
701,71,0.0,7.87
702,71,0.5,7.74
703,71,1.0,7.65
704,71,1.5,8.15
705,71,2.0,8.1
706,71,2.5,7.89
707,71,3.0,7.42
708,71,3.5,6.31
709,71,4.0,7.05
710,71,4.5,6.8
711,72,0.0,7.11
712,72,0.5,7.61
713,72,1.0,8.23
714,72,1.5,7.19
715,72,2.0,6.77
716,72,2.5,8.16
717,72,3.0,7.81
718,72,3.5,6.32
719,72,4.0,6.43
720,72,4.5,6.3
721,73,0.0,8.58
722,73,0.5,8.3
723,73,1.0,6.85
724,73,1.5,8.11
725,73,2.0,6.75
726,73,2.5,6.69
727,73,3.0,8.19
728,73,3.5,6.49
729,73,4.0,6.84
730,73,4.5,7.17
731,74,0.0,7.17
732,74,0.5,8.63
733,74,1.0,7.97
734,74,1.5,7.62
735,74,2.0,7.83
736,74,2.5,7.14
737,74,3.0,7.29
738,74,3.5,7.69
739,74,4.0,7.17
740,74,4.5,6.25
741,75,0.0,7.36
742,75,0.5,8.18
743,75,1.0,7.81
744,75,1.5,8.69
745,75,2.0,7.19
746,75,2.5,7.92
747,75,3.0,8.18
748,75,3.5,6.34
749,75,4.0,6.59
750,75,4.5,6.99
751,76,0.0,7.09
752,76,0.5,8.36
753,76,1.0,8.56
754,76,1.5,7.72
755,76,2.0,8.23
756,76,2.5,8.1
757,76,3.0,7.98
758,76,3.5,6.52
759,76,4.0,7.02
760,76,4.5,6.49
761,77,0.0,7.54
762,77,0.5,7.59
763,77,1.0,6.94
764,77,1.5,8.05
765,77,2.0,7.58
766,77,2.5,7.65
767,77,3.0,7.51
768,77,3.5,7.35
769,77,4.0,7.08
770,77,4.5,7.47
771,78,0.0,8.61
772,78,0.5,7.47
773,78,1.0,8.1
774,78,1.5,6.83
775,78,2.0,8.45
776,78,2.5,7.54
777,78,3.0,7.32
778,78,3.5,7.3
779,78,4.0,7.32
780,78,4.5,7.76
781,79,0.0,7.22
782,79,0.5,7.14
783,79,1.0,8.55
784,79,1.5,6.75
785,79,2.0,6.73
786,79,2.5,6.88
787,79,3.0,7.29
788,79,3.5,6.36
789,79,4.0,7.1
790,79,4.5,7.92
791,80,0.0,8.99
792,80,0.5,7.26
793,80,1.0,8.36
794,80,1.5,6.84
795,80,2.0,7.6
796,80,2.5,7.42
797,80,3.0,7.91
798,80,3.5,8.14
799,80,4.0,6.2
800,80,4.5,8.01
801,81,0.0,7.84
802,81,0.5,7.48
803,81,1.0,8.45
804,81,1.5,8.48
805,81,2.0,7.89
806,81,2.5,8.32
807,81,3.0,6.55
808,81,3.5,7.5
809,81,4.0,6.24
810,81,4.5,7.75
811,82,0.0,7.44
812,82,0.5,8.69
813,82,1.0,8.58
814,82,1.5,8.64
815,82,2.0,6.79
816,82,2.5,7.42
817,82,3.0,7.78
818,82,3.5,7.77
819,82,4.0,7.63
820,82,4.5,6.92
821,83,0.0,8.22
822,83,0.5,7.08
823,83,1.0,7.31
824,83,1.5,7.38
825,83,2.0,7.97
826,83,2.5,7.24
827,83,3.0,6.67
828,83,3.5,7.26
829,83,4.0,6.31
830,83,4.5,6.21
831,84,0.0,8.02
832,84,0.5,7.78
833,84,1.0,7.29
834,84,1.5,6.96
835,84,2.0,7.79
836,84,2.5,7.48
837,84,3.0,8.31
838,84,3.5,7.43
839,84,4.0,7.21
840,84,4.5,7.67
841,85,0.0,8.77
842,85,0.5,7.77
843,85,1.0,8.68
844,85,1.5,8.6
845,85,2.0,7.96
846,85,2.5,7.32
847,85,3.0,6.41
848,85,3.5,6.99
849,85,4.0,7.37
850,85,4.5,7.06
851,86,0.0,7.31
852,86,0.5,7.64
853,86,1.0,7.52
854,86,1.5,8.66
855,86,2.0,7.05
856,86,2.5,6.8
857,86,3.0,8.04
858,86,3.5,7.51
859,86,4.0,7.26
860,86,4.5,6.64
861,87,0.0,8.49
862,87,0.5,8.53
863,87,1.0,7.42
864,87,1.5,7.0
865,87,2.0,7.93
866,87,2.5,7.75
867,87,3.0,7.76
868,87,3.5,6.63
869,87,4.0,6.99
870,87,4.5,7.52
871,88,0.0,8.8
872,88,0.5,7.39
873,88,1.0,7.87
874,88,1.5,8.54
875,88,2.0,8.19
876,88,2.5,8.23
877,88,3.0,7.94
878,88,3.5,7.19
879,88,4.0,7.83
880,88,4.5,6.64
881,89,0.0,7.75
882,89,0.5,7.53
883,89,1.0,7.31
884,89,1.5,7.41
885,89,2.0,8.18
886,89,2.5,7.15
887,89,3.0,7.92
888,89,3.5,7.7
889,89,4.0,6.62
890,89,4.5,6.59
891,90,0.0,8.53
892,90,0.5,6.98
893,90,1.0,7.64
894,90,1.5,7.79
895,90,2.0,7.81
896,90,2.5,7.98
897,90,3.0,8.35
898,90,3.5,7.36
899,90,4.0,6.49
900,90,4.5,6.55
901,91,0.0,7.28
902,91,0.5,7.65
903,91,1.0,8.18
904,91,1.5,7.66
905,91,2.0,8.04
906,91,2.5,8.04
907,91,3.0,6.87
908,91,3.5,6.93
909,91,4.0,7.09
910,91,4.5,6.28
911,92,0.0,7.24
912,92,0.5,8.13
913,92,1.0,7.34
914,92,1.5,6.8
915,92,2.0,7.45
916,92,2.5,7.71
917,92,3.0,7.9
918,92,3.5,7.09
919,92,4.0,6.47
920,92,4.5,6.88
921,93,0.0,7.32
922,93,0.5,7.0
923,93,1.0,8.4
924,93,1.5,6.89
925,93,2.0,6.94
926,93,2.5,8.25
927,93,3.0,6.89
928,93,3.5,7.89
929,93,4.0,6.83
930,93,4.5,8.05
931,94,0.0,7.95
932,94,0.5,8.67
933,94,1.0,8.21
934,94,1.5,6.73
935,94,2.0,6.73
936,94,2.5,6.97
937,94,3.0,7.61
938,94,3.5,6.31
939,94,4.0,6.49
940,94,4.5,7.49
941,95,0.0,8.5
942,95,0.5,8.64
943,95,1.0,8.3
944,95,1.5,7.61
945,95,2.0,7.74
946,95,2.5,8.28
947,95,3.0,7.53
948,95,3.5,7.29
949,95,4.0,7.48
950,95,4.5,6.35
951,96,0.0,8.14
952,96,0.5,7.02
953,96,1.0,7.97
954,96,1.5,8.48
955,96,2.0,7.45
956,96,2.5,6.62
957,96,3.0,7.99
958,96,3.5,7.83
959,96,4.0,7.13
960,96,4.5,7.52
961,97,0.0,7.97
962,97,0.5,8.78
963,97,1.0,6.92
964,97,1.5,8.12
965,97,2.0,7.01
966,97,2.5,6.66
967,97,3.0,7.31
968,97,3.5,7.1
969,97,4.0,6.9
970,97,4.5,7.93
971,98,0.0,7.14
972,98,0.5,7.94
973,98,1.0,8.08
974,98,1.5,8.15
975,98,2.0,8.2
976,98,2.5,6.59
977,98,3.0,7.29
978,98,3.5,7.79
979,98,4.0,7.62
980,98,4.5,7.6
981,99,0.0,9.0
982,99,0.5,8.15
983,99,1.0,7.66
984,99,1.5,8.36
985,99,2.0,8.52
986,99,2.5,7.78
987,99,3.0,8.01
988,99,3.5,6.67
989,99,4.0,7.18
990,99,4.5,7.92
991,100,0.0,7.14
992,100,0.5,7.48
993,100,1.0,8.52
994,100,1.5,8.45
995,100,2.0,8.25
996,100,2.5,7.71
997,100,3.0,7.82
998,100,3.5,6.31
999,100,4.0,6.48
1000,100,4.5,7.29
1001,101,0.0,7.52
1002,101,0.5,8.23
1003,101,1.0,7.77
1004,101,1.5,7.09
1005,101,2.0,8.59
1006,101,2.5,6.76
1007,101,3.0,7.35
1008,101,3.5,6.47
1009,101,4.0,7.83
1010,101,4.5,7.7
1011,102,0.0,8.39
1012,102,0.5,7.78
1013,102,1.0,8.19
1014,102,1.5,8.61
1015,102,2.0,8.47
1016,102,2.5,8.1
1017,102,3.0,7.33
1018,102,3.5,8.15
1019,102,4.0,6.43
1020,102,4.5,7.99
1021,103,0.0,8.76
1022,103,0.5,7.34
1023,103,1.0,8.51
1024,103,1.5,7.93
1025,103,2.0,8.34
1026,103,2.5,8.44
1027,103,3.0,8.01
1028,103,3.5,6.68
1029,103,4.0,7.78
1030,103,4.5,7.79
1031,104,0.0,8.82
1032,104,0.5,7.91
1033,104,1.0,7.93
1034,104,1.5,7.19
1035,104,2.0,6.74
1036,104,2.5,7.84
1037,104,3.0,8.13
1038,104,3.5,8.04
1039,104,4.0,7.07
1040,104,4.5,7.97
1041,105,0.0,7.21
1042,105,0.5,8.26
1043,105,1.0,8.74
1044,105,1.5,6.86
1045,105,2.0,6.66
1046,105,2.5,7.77
1047,105,3.0,6.84
1048,105,3.5,6.66
1049,105,4.0,7.89
1050,105,4.5,8.04
1051,106,0.0,7.25
1052,106,0.5,7.87
1053,106,1.0,7.38
1054,106,1.5,8.11
1055,106,2.0,7.7
1056,106,2.5,7.49
1057,106,3.0,7.67
1058,106,3.5,6.76
1059,106,4.0,7.24
1060,106,4.5,7.97
1061,107,0.0,7.6
1062,107,0.5,8.03
1063,107,1.0,7.21
1064,107,1.5,6.88
1065,107,2.0,7.79
1066,107,2.5,8.45
1067,107,3.0,6.97
1068,107,3.5,7.63
1069,107,4.0,6.81
1070,107,4.5,7.82
1071,108,0.0,7.79
1072,108,0.5,7.36
1073,108,1.0,8.5
1074,108,1.5,7.14
1075,108,2.0,7.08
1076,108,2.5,7.0
1077,108,3.0,7.98
1078,108,3.5,8.26
1079,108,4.0,7.86
1080,108,4.5,6.56
1081,109,0.0,8.2
1082,109,0.5,7.49
1083,109,1.0,7.12
1084,109,1.5,8.34
1085,109,2.0,7.54
1086,109,2.5,7.8
1087,109,3.0,7.53
1088,109,3.5,6.91
1089,109,4.0,6.9
1090,109,4.5,6.58
1091,110,0.0,7.56
1092,110,0.5,7.94
1093,110,1.0,6.88
1094,110,1.5,7.45
1095,110,2.0,6.73
1096,110,2.5,8.24
1097,110,3.0,7.43
1098,110,3.5,6.77
1099,110,4.0,6.77
1100,110,4.5,7.35
1101,111,0.0,7.39
1102,111,0.5,7.62
1103,111,1.0,7.24
1104,111,1.5,7.2
1105,111,2.0,7.66
1106,111,2.5,7.77
1107,111,3.0,7.44
1108,111,3.5,6.76
1109,111,4.0,7.59
1110,111,4.5,6.92
1111,112,0.0,8.15
1112,112,0.5,8.14
1113,112,1.0,6.8
1114,112,1.5,8.22
1115,112,2.0,6.62
1116,112,2.5,8.07
1117,112,3.0,7.06
1118,112,3.5,7.85
1119,112,4.0,7.68
1120,112,4.5,6.27
1121,113,0.0,8.35
1122,113,0.5,7.57
1123,113,1.0,8.22
1124,113,1.5,7.7
1125,113,2.0,7.99
1126,113,2.5,6.65
1127,113,3.0,6.45
1128,113,3.5,7.62
1129,113,4.0,7.63
1130,113,4.5,6.91
1131,114,0.0,7.51
1132,114,0.5,8.08
1133,114,1.0,8.67
1134,114,1.5,8.65
1135,114,2.0,6.68
1136,114,2.5,8.32
1137,114,3.0,7.81
1138,114,3.5,7.3
1139,114,4.0,6.71
1140,114,4.5,7.72
1141,115,0.0,7.11
1142,115,0.5,7.49
1143,115,1.0,8.39
1144,115,1.5,7.26
1145,115,2.0,6.72
1146,115,2.5,7.59
1147,115,3.0,6.91
1148,115,3.5,6.45
1149,115,4.0,7.76
1150,115,4.5,8.09
1151,116,0.0,7.44
1152,116,0.5,7.93
1153,116,1.0,7.41
1154,116,1.5,7.07
1155,116,2.0,8.54
1156,116,2.5,8.32
1157,116,3.0,6.91
1158,116,3.5,8.17
1159,116,4.0,7.41
1160,116,4.5,6.92
1161,117,0.0,8.17
1162,117,0.5,8.04
1163,117,1.0,6.88
1164,117,1.5,6.88
1165,117,2.0,7.53
1166,117,2.5,8.2
1167,117,3.0,8.04
1168,117,3.5,8.23
1169,117,4.0,7.67
1170,117,4.5,6.39
1171,118,0.0,8.27
1172,118,0.5,8.04
1173,118,1.0,6.83
1174,118,1.5,8.01
1175,118,2.0,7.1
1176,118,2.5,8.48
1177,118,3.0,8.01
1178,118,3.5,6.52
1179,118,4.0,7.51
1180,118,4.5,7.11
1181,119,0.0,7.97
1182,119,0.5,8.51
1183,119,1.0,7.18
1184,119,1.5,7.49
1185,119,2.0,7.48
1186,119,2.5,6.52
1187,119,3.0,8.22
1188,119,3.5,7.29
1189,119,4.0,6.95
1190,119,4.5,6.34
1191,120,0.0,7.01
1192,120,0.5,7.77
1193,120,1.0,7.6
1194,120,1.5,8.1
1195,120,2.0,6.76
1196,120,2.5,7.54
1197,120,3.0,7.81
1198,120,3.5,7.29
1199,120,4.0,7.44
1200,120,4.5,7.61
1201,121,0.0,7.59
1202,121,0.5,8.23
1203,121,1.0,7.15
1204,121,1.5,8.4
1205,121,2.0,8.19
1206,121,2.5,7.7
1207,121,3.0,6.57
1208,121,3.5,7.07
1209,121,4.0,6.63
1210,121,4.5,6.77
1211,122,0.0,7.2
1212,122,0.5,7.03
1213,122,1.0,7.9
1214,122,1.5,6.86
1215,122,2.0,7.98
1216,122,2.5,7.95
1217,122,3.0,8.11
1218,122,3.5,6.79
1219,122,4.0,7.67
1220,122,4.5,6.49
1221,123,0.0,8.94
1222,123,0.5,7.34
1223,123,1.0,8.23
1224,123,1.5,7.35
1225,123,2.0,6.88
1226,123,2.5,8.2
1227,123,3.0,6.99
1228,123,3.5,7.53
1229,123,4.0,6.33
1230,123,4.5,6.67
1231,124,0.0,7.62
1232,124,0.5,8.19
1233,124,1.0,7.41
1234,124,1.5,7.49
1235,124,2.0,8.44
1236,124,2.5,7.47
1237,124,3.0,8.06
1238,124,3.5,7.86
1239,124,4.0,6.85
1240,124,4.5,6.27
1241,125,0.0,8.7
1242,125,0.5,8.24
1243,125,1.0,7.01
1244,125,1.5,7.23
1245,125,2.0,7.68
1246,125,2.5,8.45
1247,125,3.0,7.62
1248,125,3.5,6.38
1249,125,4.0,6.52
1250,125,4.5,6.89
1251,126,0.0,7.6
1252,126,0.5,7.37
1253,126,1.0,8.24
1254,126,1.5,6.71
1255,126,2.0,6.83
1256,126,2.5,7.88
1257,126,3.0,7.82
1258,126,3.5,6.85
1259,126,4.0,7.85
1260,126,4.5,6.84
1261,127,0.0,8.71
1262,127,0.5,7.82
1263,127,1.0,6.97
1264,127,1.5,7.96
1265,127,2.0,8.18
1266,127,2.5,7.82
1267,127,3.0,8.02
1268,127,3.5,7.42
1269,127,4.0,7.58
1270,127,4.5,6.45
1271,128,0.0,8.82
1272,128,0.5,7.62
1273,128,1.0,6.93
1274,128,1.5,8.69
1275,128,2.0,7.99
1276,128,2.5,7.15
1277,128,3.0,8.01
1278,128,3.5,8.06
1279,128,4.0,7.8
1280,128,4.5,7.39
1281,129,0.0,7.62
1282,129,0.5,8.77
1283,129,1.0,8.21
1284,129,1.5,7.28
1285,129,2.0,6.79
1286,129,2.5,7.63
1287,129,3.0,7.75
1288,129,3.5,7.29
1289,129,4.0,6.51
1290,129,4.5,7.45
1291,130,0.0,8.64
1292,130,0.5,8.83
1293,130,1.0,8.79
1294,130,1.5,6.8
1295,130,2.0,6.81
1296,130,2.5,8.12
1297,130,3.0,7.43
1298,130,3.5,8.22
1299,130,4.0,7.93
1300,130,4.5,6.77
1301,131,0.0,8.96
1302,131,0.5,7.57
1303,131,1.0,7.87
1304,131,1.5,8.64
1305,131,2.0,7.75
1306,131,2.5,6.54
1307,131,3.0,6.7
1308,131,3.5,7.96
1309,131,4.0,7.22
1310,131,4.5,7.45
1311,132,0.0,8.76
1312,132,0.5,8.39
1313,132,1.0,8.32
1314,132,1.5,6.82
1315,132,2.0,8.12
1316,132,2.5,7.86
1317,132,3.0,7.07
1318,132,3.5,8.14
1319,132,4.0,6.57
1320,132,4.5,7.48
1321,133,0.0,7.7
1322,133,0.5,7.78
1323,133,1.0,7.72
1324,133,1.5,8.13
1325,133,2.0,7.86
1326,133,2.5,7.24
1327,133,3.0,8.2
1328,133,3.5,8.17
1329,133,4.0,6.6
1330,133,4.5,6.73
1331,134,0.0,7.88
1332,134,0.5,8.37
1333,134,1.0,6.99
1334,134,1.5,7.47
1335,134,2.0,8.13
1336,134,2.5,8.49
1337,134,3.0,7.28
1338,134,3.5,7.1
1339,134,4.0,6.26
1340,134,4.5,6.72
1341,135,0.0,8.3
1342,135,0.5,8.52
1343,135,1.0,7.31
1344,135,1.5,7.56
1345,135,2.0,8.1
1346,135,2.5,7.05
1347,135,3.0,7.73
1348,135,3.5,6.52
1349,135,4.0,7.02
1350,135,4.5,7.36
1351,136,0.0,7.72
1352,136,0.5,7.95
1353,136,1.0,7.56
1354,136,1.5,8.05
1355,136,2.0,8.09
1356,136,2.5,7.46
1357,136,3.0,6.79
1358,136,3.5,7.25
1359,136,4.0,6.21
1360,136,4.5,7.95
1361,137,0.0,8.76
1362,137,0.5,7.52
1363,137,1.0,8.37
1364,137,1.5,8.44
1365,137,2.0,6.71
1366,137,2.5,7.16
1367,137,3.0,7.52
1368,137,3.5,6.64
1369,137,4.0,7.02
1370,137,4.5,7.01
1371,138,0.0,8.21
1372,138,0.5,8.57
1373,138,1.0,7.27
1374,138,1.5,6.89
1375,138,2.0,7.2
1376,138,2.5,7.73
1377,138,3.0,7.6
1378,138,3.5,8.27
1379,138,4.0,6.68
1380,138,4.5,7.93
1381,139,0.0,8.28
1382,139,0.5,8.79
1383,139,1.0,8.11
1384,139,1.5,7.39
1385,139,2.0,8.58
1386,139,2.5,6.69
1387,139,3.0,7.02
1388,139,3.5,7.98
1389,139,4.0,7.59
1390,139,4.5,7.77
1391,140,0.0,8.06
1392,140,0.5,8.41
1393,140,1.0,7.97
1394,140,1.5,6.95
1395,140,2.0,7.51
1396,140,2.5,7.31
1397,140,3.0,8.15
1398,140,3.5,6.98
1399,140,4.0,7.37
1400,140,4.5,7.86
1401,141,0.0,7.65
1402,141,0.5,7.09
1403,141,1.0,6.87
1404,141,1.5,8.22
1405,141,2.0,7.64
1406,141,2.5,7.65
1407,141,3.0,6.51
1408,141,3.5,6.46
1409,141,4.0,6.77
1410,141,4.5,7.72
1411,142,0.0,7.34
1412,142,0.5,8.12
1413,142,1.0,7.52
1414,142,1.5,6.74
1415,142,2.0,7.98
1416,142,2.5,7.42
1417,142,3.0,7.19
1418,142,3.5,7.61
1419,142,4.0,7.14
1420,142,4.5,6.14
1421,143,0.0,8.82
1422,143,0.5,7.89
1423,143,1.0,7.23
1424,143,1.5,8.28
1425,143,2.0,6.71
1426,143,2.5,7.96
1427,143,3.0,7.19
1428,143,3.5,7.3
1429,143,4.0,7.33
1430,143,4.5,6.47
1431,144,0.0,7.12
1432,144,0.5,7.07
1433,144,1.0,8.75
1434,144,1.5,7.77
1435,144,2.0,7.27
1436,144,2.5,7.48
1437,144,3.0,7.61
1438,144,3.5,6.38
1439,144,4.0,7.65
1440,144,4.5,6.78
1441,145,0.0,8.13
1442,145,0.5,8.84
1443,145,1.0,8.64
1444,145,1.5,7.21
1445,145,2.0,7.56
1446,145,2.5,7.75
1447,145,3.0,8.38
1448,145,3.5,7.34
1449,145,4.0,7.11
1450,145,4.5,7.99
1451,146,0.0,7.51
1452,146,0.5,7.16
1453,146,1.0,6.95
1454,146,1.5,7.3
1455,146,2.0,7.02
1456,146,2.5,7.58
1457,146,3.0,7.95
1458,146,3.5,7.56
1459,146,4.0,7.89
1460,146,4.5,6.38
1461,147,0.0,8.29
1462,147,0.5,8.01
1463,147,1.0,7.44
1464,147,1.5,7.31
1465,147,2.0,7.01
1466,147,2.5,6.55
1467,147,3.0,6.43
1468,147,3.5,6.97
1469,147,4.0,7.96
1470,147,4.5,7.56
1471,148,0.0,7.64
1472,148,0.5,7.09
1473,148,1.0,8.54
1474,148,1.5,6.9
1475,148,2.0,8.05
1476,148,2.5,6.66
1477,148,3.0,6.7
1478,148,3.5,7.72
1479,148,4.0,8.08
1480,148,4.5,7.73
1481,149,0.0,7.45
1482,149,0.5,7.42
1483,149,1.0,7.19
1484,149,1.5,8.28
1485,149,2.0,7.27
1486,149,2.5,8.01
1487,149,3.0,7.92
1488,149,3.5,7.73
1489,149,4.0,6.33
1490,149,4.5,6.3
1491,150,0.0,7.7
1492,150,0.5,7.92
1493,150,1.0,7.33
1494,150,1.5,8.32
1495,150,2.0,6.68
1496,150,2.5,8.0
1497,150,3.0,8.01
1498,150,3.5,7.87
1499,150,4.0,7.87
1500,150,4.5,6.39
1501,151,0.0,7.85
1502,151,0.5,7.62
1503,151,1.0,8.01
1504,151,1.5,7.07
1505,151,2.0,8.26
1506,151,2.5,7.09
1507,151,3.0,6.89
1508,151,3.5,8.12
1509,151,4.0,7.72
1510,151,4.5,7.34
1511,152,0.0,7.32
1512,152,0.5,8.75
1513,152,1.0,7.01
1514,152,1.5,7.45
1515,152,2.0,8.34
1516,152,2.5,6.6
1517,152,3.0,6.44
1518,152,3.5,7.77
1519,152,4.0,7.72
1520,152,4.5,8.1
1521,153,0.0,8.75
1522,153,0.5,7.77
1523,153,1.0,8.43
1524,153,1.5,8.32
1525,153,2.0,7.16
1526,153,2.5,7.91
1527,153,3.0,7.3
1528,153,3.5,7.87
1529,153,4.0,8.04
1530,153,4.5,7.47
1531,154,0.0,8.2
1532,154,0.5,7.75
1533,154,1.0,7.83
1534,154,1.5,8.51
1535,154,2.0,8.16
1536,154,2.5,6.71
1537,154,3.0,6.61
1538,154,3.5,7.03
1539,154,4.0,6.26
1540,154,4.5,7.24
1541,155,0.0,7.5
1542,155,0.5,7.21
1543,155,1.0,7.28
1544,155,1.5,8.12
1545,155,2.0,8.54
1546,155,2.5,7.73
1547,155,3.0,7.07
1548,155,3.5,6.54
1549,155,4.0,6.25
1550,155,4.5,7.36
1551,156,0.0,7.53
1552,156,0.5,8.47
1553,156,1.0,7.28
1554,156,1.5,8.24
1555,156,2.0,6.81
1556,156,2.5,7.7
1557,156,3.0,6.42
1558,156,3.5,7.33
1559,156,4.0,7.72
1560,156,4.5,6.59
1561,157,0.0,7.08
1562,157,0.5,7.61
1563,157,1.0,8.08
1564,157,1.5,7.67
1565,157,2.0,8.05
1566,157,2.5,6.65
1567,157,3.0,7.94
1568,157,3.5,7.72
1569,157,4.0,7.23
1570,157,4.5,7.07
1571,158,0.0,8.33
1572,158,0.5,8.42
1573,158,1.0,8.57
1574,158,1.5,7.23
1575,158,2.0,7.97
1576,158,2.5,7.7
1577,158,3.0,7.05
1578,158,3.5,7.38
1579,158,4.0,7.0
1580,158,4.5,6.64
1581,159,0.0,8.58
1582,159,0.5,7.16
1583,159,1.0,8.53
1584,159,1.5,8.62
1585,159,2.0,7.2
1586,159,2.5,7.63
1587,159,3.0,8.31
1588,159,3.5,8.01
1589,159,4.0,6.6
1590,159,4.5,7.44
1591,160,0.0,7.13
1592,160,0.5,7.84
1593,160,1.0,6.84
1594,160,1.5,8.6
1595,160,2.0,7.91
1596,160,2.5,7.42
1597,160,3.0,7.68
1598,160,3.5,7.78
1599,160,4.0,6.87
1600,160,4.5,6.21
1601,161,0.0,7.29
1602,161,0.5,7.12
1603,161,1.0,6.83
1604,161,1.5,8.21
1605,161,2.0,7.67
1606,161,2.5,7.26
1607,161,3.0,7.69
1608,161,3.5,6.68
1609,161,4.0,8.15
1610,161,4.5,7.08
1611,162,0.0,8.95
1612,162,0.5,8.13
1613,162,1.0,8.08
1614,162,1.5,7.51
1615,162,2.0,8.48
1616,162,2.5,7.15
1617,162,3.0,7.43
1618,162,3.5,7.08
1619,162,4.0,7.73
1620,162,4.5,6.37
1621,163,0.0,7.02
1622,163,0.5,8.81
1623,163,1.0,7.31
1624,163,1.5,8.3
1625,163,2.0,8.58
1626,163,2.5,6.78
1627,163,3.0,6.85
1628,163,3.5,6.82
1629,163,4.0,6.8
1630,163,4.5,6.58
1631,164,0.0,7.51
1632,164,0.5,8.58
1633,164,1.0,7.83
1634,164,1.5,7.17
1635,164,2.0,7.97
1636,164,2.5,7.49
1637,164,3.0,6.8
1638,164,3.5,7.38
1639,164,4.0,7.42
1640,164,4.5,7.08
1641,165,0.0,7.6
1642,165,0.5,7.74
1643,165,1.0,7.77
1644,165,1.5,7.06
1645,165,2.0,8.59
1646,165,2.5,7.9
1647,165,3.0,7.63
1648,165,3.5,8.23
1649,165,4.0,7.52
1650,165,4.5,7.6
1651,166,0.0,8.78
1652,166,0.5,8.89
1653,166,1.0,8.42
1654,166,1.5,8.13
1655,166,2.0,7.76
1656,166,2.5,7.72
1657,166,3.0,7.85
1658,166,3.5,6.66
1659,166,4.0,7.64
1660,166,4.5,7.87
1661,167,0.0,7.8
1662,167,0.5,7.8
1663,167,1.0,8.57
1664,167,1.5,6.99
1665,167,2.0,8.05
1666,167,2.5,7.94
1667,167,3.0,6.64
1668,167,3.5,7.32
1669,167,4.0,7.58
1670,167,4.5,7.54
1671,168,0.0,8.44
1672,168,0.5,8.25
1673,168,1.0,8.17
1674,168,1.5,6.81
1675,168,2.0,7.24
1676,168,2.5,6.73
1677,168,3.0,6.98
1678,168,3.5,6.54
1679,168,4.0,7.19
1680,168,4.5,6.5
1681,169,0.0,8.05
1682,169,0.5,8.18
1683,169,1.0,8.03
1684,169,1.5,7.05
1685,169,2.0,7.76
1686,169,2.5,7.4
1687,169,3.0,6.56
1688,169,3.5,7.42
1689,169,4.0,7.51
1690,169,4.5,7.49
1691,170,0.0,8.13
1692,170,0.5,7.61
1693,170,1.0,7.84
1694,170,1.5,8.02
1695,170,2.0,8.42
1696,170,2.5,7.71
1697,170,3.0,8.31
1698,170,3.5,7.63
1699,170,4.0,8.0
1700,170,4.5,6.18
1701,171,0.0,7.45
1702,171,0.5,7.48
1703,171,1.0,8.77
1704,171,1.5,7.14
1705,171,2.0,7.69
1706,171,2.5,7.46
1707,171,3.0,7.32
1708,171,3.5,6.58
1709,171,4.0,6.41
1710,171,4.5,6.47
1711,172,0.0,7.13
1712,172,0.5,8.04
1713,172,1.0,6.89
1714,172,1.5,7.72
1715,172,2.0,7.4
1716,172,2.5,7.36
1717,172,3.0,6.54
1718,172,3.5,7.91
1719,172,4.0,7.3
1720,172,4.5,7.36
1721,173,0.0,8.41
1722,173,0.5,6.91
1723,173,1.0,7.62
1724,173,1.5,7.59
1725,173,2.0,8.54
1726,173,2.5,7.75
1727,173,3.0,7.14
1728,173,3.5,7.4
1729,173,4.0,7.36
1730,173,4.5,7.83
1731,174,0.0,7.43
1732,174,0.5,7.63
1733,174,1.0,8.41
1734,174,1.5,7.82
1735,174,2.0,8.17
1736,174,2.5,7.69
1737,174,3.0,6.72
1738,174,3.5,7.6
1739,174,4.0,8.06
1740,174,4.5,6.89
1741,175,0.0,7.9
1742,175,0.5,8.28
1743,175,1.0,7.98
1744,175,1.5,8.33
1745,175,2.0,7.83
1746,175,2.5,6.59
1747,175,3.0,6.57
1748,175,3.5,7.78
1749,175,4.0,6.93
1750,175,4.5,6.6
1751,176,0.0,8.76
1752,176,0.5,8.01
1753,176,1.0,6.87
1754,176,1.5,8.26
1755,176,2.0,8.55
1756,176,2.5,7.56
1757,176,3.0,7.68
1758,176,3.5,7.04
1759,176,4.0,7.52
1760,176,4.5,7.81
1761,177,0.0,7.66
1762,177,0.5,7.59
1763,177,1.0,8.57
1764,177,1.5,8.16
1765,177,2.0,8.05
1766,177,2.5,7.72
1767,177,3.0,8.0
1768,177,3.5,6.96
1769,177,4.0,7.34
1770,177,4.5,7.91
1771,178,0.0,8.95
1772,178,0.5,8.69
1773,178,1.0,7.38
1774,178,1.5,7.85
1775,178,2.0,7.08
1776,178,2.5,7.35
1777,178,3.0,8.25
1778,178,3.5,6.84
1779,178,4.0,7.37
1780,178,4.5,6.74
1781,179,0.0,8.74
1782,179,0.5,8.49
1783,179,1.0,8.32
1784,179,1.5,7.28
1785,179,2.0,6.99
1786,179,2.5,7.04
1787,179,3.0,8.29
1788,179,3.5,7.86
1789,179,4.0,6.69
1790,179,4.5,7.45
1791,180,0.0,7.13
1792,180,0.5,8.83
1793,180,1.0,7.54
1794,180,1.5,7.69
1795,180,2.0,6.69
1796,180,2.5,7.19
1797,180,3.0,6.77
1798,180,3.5,6.53
1799,180,4.0,6.27
1800,180,4.5,7.73
1801,181,0.0,7.23
1802,181,0.5,7.38
1803,181,1.0,7.65
1804,181,1.5,7.82
1805,181,2.0,8.06
1806,181,2.5,7.12
1807,181,3.0,6.94
1808,181,3.5,6.48
1809,181,4.0,7.27
1810,181,4.5,7.22
1811,182,0.0,7.03
1812,182,0.5,7.16
1813,182,1.0,8.46
1814,182,1.5,8.61
1815,182,2.0,7.04
1816,182,2.5,6.51
1817,182,3.0,7.1
1818,182,3.5,6.79
1819,182,4.0,7.39
1820,182,4.5,6.34
1821,183,0.0,8.35
1822,183,0.5,8.68
1823,183,1.0,8.31
1824,183,1.5,7.2
1825,183,2.0,7.11
1826,183,2.5,6.97
1827,183,3.0,7.34
1828,183,3.5,7.86
1829,183,4.0,7.61
1830,183,4.5,7.04
1831,184,0.0,8.42
1832,184,0.5,8.29
1833,184,1.0,8.73
1834,184,1.5,7.39
1835,184,2.0,7.71
1836,184,2.5,6.9
1837,184,3.0,6.75
1838,184,3.5,7.07
1839,184,4.0,6.56
1840,184,4.5,6.52
1841,185,0.0,7.21
1842,185,0.5,8.52
1843,185,1.0,7.78
1844,185,1.5,7.97
1845,185,2.0,8.44
1846,185,2.5,8.34
1847,185,3.0,6.66
1848,185,3.5,7.73
1849,185,4.0,6.48
1850,185,4.5,7.78
1851,186,0.0,8.82
1852,186,0.5,8.17
1853,186,1.0,8.3
1854,186,1.5,8.11
1855,186,2.0,7.5
1856,186,2.5,7.84
1857,186,3.0,6.46
1858,186,3.5,7.17
1859,186,4.0,6.94
1860,186,4.5,7.44
1861,187,0.0,8.12
1862,187,0.5,8.23
1863,187,1.0,7.48
1864,187,1.5,6.88
1865,187,2.0,8.4
1866,187,2.5,8.01
1867,187,3.0,6.57
1868,187,3.5,7.31
1869,187,4.0,7.53
1870,187,4.5,6.88
1871,188,0.0,8.46
1872,188,0.5,7.73
1873,188,1.0,6.95
1874,188,1.5,7.56
1875,188,2.0,6.64
1876,188,2.5,6.77
1877,188,3.0,6.89
1878,188,3.5,7.01
1879,188,4.0,6.64
1880,188,4.5,6.66
1881,189,0.0,8.54
1882,189,0.5,7.01
1883,189,1.0,7.67
1884,189,1.5,7.64
1885,189,2.0,8.07
1886,189,2.5,7.54
1887,189,3.0,7.34
1888,189,3.5,6.59
1889,189,4.0,7.51
1890,189,4.5,6.43
1891,190,0.0,7.08
1892,190,0.5,8.37
1893,190,1.0,6.97
1894,190,1.5,6.87
1895,190,2.0,8.3
1896,190,2.5,6.76
1897,190,3.0,7.77
1898,190,3.5,7.6
1899,190,4.0,6.74
1900,190,4.5,6.71
1901,191,0.0,8.26
1902,191,0.5,8.0
1903,191,1.0,7.66
1904,191,1.5,8.69
1905,191,2.0,8.6
1906,191,2.5,7.15
1907,191,3.0,7.72
1908,191,3.5,7.73
1909,191,4.0,7.51
1910,191,4.5,7.46
1911,192,0.0,8.88
1912,192,0.5,7.72
1913,192,1.0,8.09
1914,192,1.5,7.89
1915,192,2.0,6.74
1916,192,2.5,6.56
1917,192,3.0,8.31
1918,192,3.5,6.98
1919,192,4.0,7.97
1920,192,4.5,7.31
1921,193,0.0,7.35
1922,193,0.5,8.02
1923,193,1.0,8.12
1924,193,1.5,8.15
1925,193,2.0,7.09
1926,193,2.5,7.54
1927,193,3.0,7.91
1928,193,3.5,7.16
1929,193,4.0,7.6
1930,193,4.5,8.04
1931,194,0.0,7.36
1932,194,0.5,8.04
1933,194,1.0,7.74
1934,194,1.5,7.13
1935,194,2.0,6.72
1936,194,2.5,8.43
1937,194,3.0,7.96
1938,194,3.5,7.77
1939,194,4.0,7.15
1940,194,4.5,6.17
1941,195,0.0,7.95
1942,195,0.5,8.73
1943,195,1.0,8.28
1944,195,1.5,8.23
1945,195,2.0,8.16
1946,195,2.5,7.92
1947,195,3.0,7.32
1948,195,3.5,6.92
1949,195,4.0,7.13
1950,195,4.5,6.33
1951,196,0.0,7.71
1952,196,0.5,8.54
1953,196,1.0,7.65
1954,196,1.5,8.63
1955,196,2.0,8.2
1956,196,2.5,8.26
1957,196,3.0,7.55
1958,196,3.5,7.18
1959,196,4.0,6.75
1960,196,4.5,6.17
1961,197,0.0,7.36
1962,197,0.5,7.47
1963,197,1.0,8.03
1964,197,1.5,6.71
1965,197,2.0,7.09
1966,197,2.5,8.0
1967,197,3.0,6.57
1968,197,3.5,7.8
1969,197,4.0,7.24
1970,197,4.5,7.69
1971,198,0.0,8.06
1972,198,0.5,7.8
1973,198,1.0,7.27
1974,198,1.5,7.71
1975,198,2.0,7.89
1976,198,2.5,7.8
1977,198,3.0,7.98
1978,198,3.5,7.76
1979,198,4.0,6.68
1980,198,4.5,7.45
1981,199,0.0,7.13
1982,199,0.5,7.32
1983,199,1.0,7.26
1984,199,1.5,8.16
1985,199,2.0,8.01
1986,199,2.5,8.05
1987,199,3.0,7.68
1988,199,3.5,7.13
1989,199,4.0,6.49
1990,199,4.5,6.77
1991,200,0.0,7.87
1992,200,0.5,8.84
1993,200,1.0,7.28
1994,200,1.5,6.87
1995,200,2.0,7.58
1996,200,2.5,7.46
1997,200,3.0,7.34
1998,200,3.5,7.33
1999,200,4.0,6.95
2000,200,4.5,7.49
2001,201,0.0,8.79
2002,201,0.5,7.1
2003,201,1.0,6.94
2004,201,1.5,7.24
2005,201,2.0,6.66
2006,201,2.5,6.7
2007,201,3.0,7.38
2008,201,3.5,7.25
2009,201,4.0,6.31
2010,201,4.5,7.03
2011,202,0.0,8.76
2012,202,0.5,8.57
2013,202,1.0,8.71
2014,202,1.5,7.8
2015,202,2.0,8.18
2016,202,2.5,7.01
2017,202,3.0,8.12
2018,202,3.5,7.5
2019,202,4.0,7.74
2020,202,4.5,6.91
2021,203,0.0,8.24
2022,203,0.5,8.63
2023,203,1.0,8.1
2024,203,1.5,7.95
2025,203,2.0,7.23
2026,203,2.5,6.75
2027,203,3.0,7.02
2028,203,3.5,6.7
2029,203,4.0,6.26
2030,203,4.5,7.49
2031,204,0.0,8.43
2032,204,0.5,8.85
2033,204,1.0,7.91
2034,204,1.5,8.69
2035,204,2.0,7.95
2036,204,2.5,7.22
2037,204,3.0,6.76
2038,204,3.5,6.57
2039,204,4.0,6.95
2040,204,4.5,7.28
2041,205,0.0,8.33
2042,205,0.5,8.72
2043,205,1.0,7.52
2044,205,1.5,6.72
2045,205,2.0,7.9
2046,205,2.5,7.94
2047,205,3.0,6.96
2048,205,3.5,7.75
2049,205,4.0,7.19
2050,205,4.5,7.64
2051,206,0.0,8.4
2052,206,0.5,8.73
2053,206,1.0,8.45
2054,206,1.5,6.99
2055,206,2.0,7.66
2056,206,2.5,7.01
2057,206,3.0,7.66
2058,206,3.5,6.79
2059,206,4.0,7.58
2060,206,4.5,6.24
2061,207,0.0,7.52
2062,207,0.5,8.56
2063,207,1.0,6.98
2064,207,1.5,8.17
2065,207,2.0,7.34
2066,207,2.5,6.69
2067,207,3.0,6.75
2068,207,3.5,6.67
2069,207,4.0,7.76
2070,207,4.5,6.74
2071,208,0.0,7.14
2072,208,0.5,8.6
2073,208,1.0,7.95
2074,208,1.5,8.36
2075,208,2.0,6.66
2076,208,2.5,7.95
2077,208,3.0,8.22
2078,208,3.5,8.03
2079,208,4.0,7.39
2080,208,4.5,7.3
2081,209,0.0,8.81
2082,209,0.5,8.26
2083,209,1.0,8.36
2084,209,1.5,8.52
2085,209,2.0,6.89
2086,209,2.5,6.91
2087,209,3.0,7.33
2088,209,3.5,8.12
2089,209,4.0,7.1
2090,209,4.5,7.2
2091,210,0.0,7.96
2092,210,0.5,7.75
2093,210,1.0,7.39
2094,210,1.5,8.68
2095,210,2.0,7.89
2096,210,2.5,7.55
2097,210,3.0,7.46
2098,210,3.5,8.04
2099,210,4.0,7.79
2100,210,4.5,6.25
2101,211,0.0,7.73
2102,211,0.5,8.16
2103,211,1.0,7.0
2104,211,1.5,6.75
2105,211,2.0,7.46
2106,211,2.5,6.93
2107,211,3.0,8.07
2108,211,3.5,7.62
2109,211,4.0,6.33
2110,211,4.5,6.82
2111,212,0.0,7.04
2112,212,0.5,8.41
2113,212,1.0,7.37
2114,212,1.5,8.26
2115,212,2.0,8.31
2116,212,2.5,6.5
2117,212,3.0,6.63
2118,212,3.5,7.1
2119,212,4.0,6.92
2120,212,4.5,8.08
2121,213,0.0,8.7
2122,213,0.5,7.1
2123,213,1.0,8.65
2124,213,1.5,8.42
2125,213,2.0,8.25
2126,213,2.5,7.33
2127,213,3.0,7.49
2128,213,3.5,7.21
2129,213,4.0,7.98
2130,213,4.5,6.22
2131,214,0.0,8.89
2132,214,0.5,7.99
2133,214,1.0,8.72
2134,214,1.5,7.59
2135,214,2.0,8.47
2136,214,2.5,6.68
2137,214,3.0,8.2
2138,214,3.5,7.15
2139,214,4.0,6.82
2140,214,4.5,7.95
2141,215,0.0,8.01
2142,215,0.5,8.38
2143,215,1.0,7.18
2144,215,1.5,8.31
2145,215,2.0,7.08
2146,215,2.5,8.48
2147,215,3.0,7.26
2148,215,3.5,8.04
2149,215,4.0,8.18
2150,215,4.5,7.48
2151,216,0.0,7.36
2152,216,0.5,7.92
2153,216,1.0,7.81
2154,216,1.5,8.65
2155,216,2.0,7.83
2156,216,2.5,6.7
2157,216,3.0,7.11
2158,216,3.5,7.96
2159,216,4.0,7.56
2160,216,4.5,7.34
2161,217,0.0,7.83
2162,217,0.5,7.17
2163,217,1.0,8.39
2164,217,1.5,7.68
2165,217,2.0,8.04
2166,217,2.5,7.37
2167,217,3.0,6.87
2168,217,3.5,7.48
2169,217,4.0,6.34
2170,217,4.5,7.59
2171,218,0.0,8.69
2172,218,0.5,8.32
2173,218,1.0,7.05
2174,218,1.5,7.15
2175,218,2.0,7.16
2176,218,2.5,7.67
2177,218,3.0,7.68
2178,218,3.5,8.01
2179,218,4.0,6.92
2180,218,4.5,6.98
2181,219,0.0,8.42
2182,219,0.5,8.3
2183,219,1.0,7.39
2184,219,1.5,8.64
2185,219,2.0,8.03
2186,219,2.5,7.0
2187,219,3.0,7.61
2188,219,3.5,7.54
2189,219,4.0,6.56
2190,219,4.5,7.09
2191,220,0.0,7.19
2192,220,0.5,8.65
2193,220,1.0,7.83
2194,220,1.5,8.08
2195,220,2.0,7.3
2196,220,2.5,7.78
2197,220,3.0,7.58
2198,220,3.5,6.36
2199,220,4.0,7.91
2200,220,4.5,6.81
2201,221,0.0,7.88
2202,221,0.5,8.67
2203,221,1.0,7.17
2204,221,1.5,8.02
2205,221,2.0,7.24
2206,221,2.5,6.94
2207,221,3.0,7.98
2208,221,3.5,7.36
2209,221,4.0,8.07
2210,221,4.5,7.97
2211,222,0.0,7.12
2212,222,0.5,7.33
2213,222,1.0,6.9
2214,222,1.5,7.82
2215,222,2.0,7.43
2216,222,2.5,8.03
2217,222,3.0,6.53
2218,222,3.5,6.31
2219,222,4.0,6.28
2220,222,4.5,6.39
2221,223,0.0,7.95
2222,223,0.5,7.79
2223,223,1.0,7.51
2224,223,1.5,8.3
2225,223,2.0,7.53
2226,223,2.5,6.7
2227,223,3.0,7.96
2228,223,3.5,7.46
2229,223,4.0,6.76
2230,223,4.5,6.28
2231,224,0.0,7.71
2232,224,0.5,7.06
2233,224,1.0,7.9
2234,224,1.5,8.05
2235,224,2.0,8.18
2236,224,2.5,6.55
2237,224,3.0,6.48
2238,224,3.5,6.4
2239,224,4.0,6.53
2240,224,4.5,6.5
2241,225,0.0,7.33
2242,225,0.5,8.18
2243,225,1.0,7.44
2244,225,1.5,7.01
2245,225,2.0,6.8
2246,225,2.5,8.09
2247,225,3.0,8.12
2248,225,3.5,7.02
2249,225,4.0,6.91
2250,225,4.5,7.92
2251,226,0.0,7.29
2252,226,0.5,8.25
2253,226,1.0,6.98
2254,226,1.5,7.11
2255,226,2.0,7.31
2256,226,2.5,7.21
2257,226,3.0,8.16
2258,226,3.5,7.73
2259,226,4.0,6.54
2260,226,4.5,7.01
2261,227,0.0,7.89
2262,227,0.5,8.8
2263,227,1.0,7.63
2264,227,1.5,7.18
2265,227,2.0,8.53
2266,227,2.5,8.33
2267,227,3.0,7.79
2268,227,3.5,7.84
2269,227,4.0,7.88
2270,227,4.5,6.48
2271,228,0.0,7.62
2272,228,0.5,8.36
2273,228,1.0,7.28
2274,228,1.5,8.61
2275,228,2.0,6.84
2276,228,2.5,6.91
2277,228,3.0,7.78
2278,228,3.5,7.58
2279,228,4.0,8.18
2280,228,4.5,6.51
2281,229,0.0,7.75
2282,229,0.5,8.32
2283,229,1.0,7.39
2284,229,1.5,8.41
2285,229,2.0,7.62
2286,229,2.5,7.8
2287,229,3.0,7.91
2288,229,3.5,6.75
2289,229,4.0,7.73
2290,229,4.5,6.79
2291,230,0.0,7.28
2292,230,0.5,8.11
2293,230,1.0,7.94
2294,230,1.5,7.79
2295,230,2.0,8.34
2296,230,2.5,7.73
2297,230,3.0,7.11
2298,230,3.5,7.3
2299,230,4.0,7.31
2300,230,4.5,7.69
2301,231,0.0,7.21
2302,231,0.5,7.33
2303,231,1.0,7.2
2304,231,1.5,7.18
2305,231,2.0,7.77
2306,231,2.5,7.82
2307,231,3.0,7.06
2308,231,3.5,7.15
2309,231,4.0,6.48
2310,231,4.5,6.45
2311,232,0.0,7.56
2312,232,0.5,8.39
2313,232,1.0,7.75
2314,232,1.5,7.88
2315,232,2.0,8.27
2316,232,2.5,7.35
2317,232,3.0,7.0
2318,232,3.5,7.0
2319,232,4.0,8.01
2320,232,4.5,7.58
2321,233,0.0,8.36
2322,233,0.5,7.34
2323,233,1.0,8.68
2324,233,1.5,7.53
2325,233,2.0,7.33
2326,233,2.5,7.67
2327,233,3.0,7.77
2328,233,3.5,7.4
2329,233,4.0,8.08
2330,233,4.5,6.5
2331,234,0.0,8.21
2332,234,0.5,8.1
2333,234,1.0,8.27
2334,234,1.5,7.09
2335,234,2.0,7.18
2336,234,2.5,6.95
2337,234,3.0,7.55
2338,234,3.5,7.43
2339,234,4.0,6.37
2340,234,4.5,6.98
2341,235,0.0,8.71
2342,235,0.5,7.76
2343,235,1.0,6.94
2344,235,1.5,7.6
2345,235,2.0,7.14
2346,235,2.5,7.02
2347,235,3.0,6.61
2348,235,3.5,7.89
2349,235,4.0,6.53
2350,235,4.5,7.42
2351,236,0.0,7.39
2352,236,0.5,7.33
2353,236,1.0,7.6
2354,236,1.5,7.96
2355,236,2.0,8.19
2356,236,2.5,6.59
2357,236,3.0,6.73
2358,236,3.5,8.26
2359,236,4.0,7.24
2360,236,4.5,7.95
2361,237,0.0,7.83
2362,237,0.5,8.61
2363,237,1.0,8.79
2364,237,1.5,7.0
2365,237,2.0,8.12
2366,237,2.5,7.45
2367,237,3.0,6.97
2368,237,3.5,6.48
2369,237,4.0,6.8
2370,237,4.5,6.79
2371,238,0.0,7.61
2372,238,0.5,6.98
2373,238,1.0,7.76
2374,238,1.5,6.8
2375,238,2.0,7.05
2376,238,2.5,6.6
2377,238,3.0,8.05
2378,238,3.5,7.12
2379,238,4.0,7.3
2380,238,4.5,7.59
2381,239,0.0,7.92
2382,239,0.5,7.98
2383,239,1.0,7.4
2384,239,1.5,7.39
2385,239,2.0,8.16
2386,239,2.5,7.16
2387,239,3.0,7.09
2388,239,3.5,6.8
2389,239,4.0,6.76
2390,239,4.5,6.4
2391,240,0.0,7.17
2392,240,0.5,8.29
2393,240,1.0,7.17
2394,240,1.5,8.44
2395,240,2.0,6.77
2396,240,2.5,7.83
2397,240,3.0,7.23
2398,240,3.5,7.69
2399,240,4.0,7.26
2400,240,4.5,7.78
2401,241,0.0,8.19
2402,241,0.5,7.56
2403,241,1.0,7.19
2404,241,1.5,7.44
2405,241,2.0,8.5
2406,241,2.5,7.85
2407,241,3.0,7.28
2408,241,3.5,8.3
2409,241,4.0,6.45
2410,241,4.5,7.19
2411,242,0.0,8.9
2412,242,0.5,7.73
2413,242,1.0,7.17
2414,242,1.5,7.76
2415,242,2.0,7.28
2416,242,2.5,7.04
2417,242,3.0,8.23
2418,242,3.5,7.24
2419,242,4.0,7.39
2420,242,4.5,7.24
2421,243,0.0,7.05
2422,243,0.5,7.87
2423,243,1.0,7.78
2424,243,1.5,8.61
2425,243,2.0,7.63
2426,243,2.5,7.83
2427,243,3.0,8.13
2428,243,3.5,7.1
2429,243,4.0,7.8
2430,243,4.5,6.68
2431,244,0.0,7.53
2432,244,0.5,7.97
2433,244,1.0,6.91
2434,244,1.5,8.39
2435,244,2.0,7.23
2436,244,2.5,6.75
2437,244,3.0,6.68
2438,244,3.5,7.78
2439,244,4.0,6.35
2440,244,4.5,6.67
2441,245,0.0,8.74
2442,245,0.5,7.8
2443,245,1.0,8.17
2444,245,1.5,7.82
2445,245,2.0,7.93
2446,245,2.5,6.9
2447,245,3.0,6.84
2448,245,3.5,8.26
2449,245,4.0,7.08
2450,245,4.5,6.84
2451,246,0.0,7.29
2452,246,0.5,7.73
2453,246,1.0,7.27
2454,246,1.5,8.63
2455,246,2.0,7.64
2456,246,2.5,8.2
2457,246,3.0,6.45
2458,246,3.5,8.1
2459,246,4.0,8.2
2460,246,4.5,7.81
2461,247,0.0,7.19
2462,247,0.5,8.46
2463,247,1.0,7.54
2464,247,1.5,7.2
2465,247,2.0,6.96
2466,247,2.5,6.55
2467,247,3.0,8.04
2468,247,3.5,6.31
2469,247,4.0,7.51
2470,247,4.5,7.0
2471,248,0.0,7.82
2472,248,0.5,7.17
2473,248,1.0,7.96
2474,248,1.5,7.94
2475,248,2.0,7.26
2476,248,2.5,6.71
2477,248,3.0,7.43
2478,248,3.5,6.68
2479,248,4.0,8.07
2480,248,4.5,7.89
2481,249,0.0,7.26
2482,249,0.5,7.49
2483,249,1.0,8.03
2484,249,1.5,7.05
2485,249,2.0,7.09
2486,249,2.5,7.43
2487,249,3.0,7.88
2488,249,3.5,7.31
2489,249,4.0,6.6
2490,249,4.5,6.59
2491,250,0.0,7.04
2492,250,0.5,8.14
2493,250,1.0,7.02
2494,250,1.5,7.82
2495,250,2.0,7.77
2496,250,2.5,7.94
2497,250,3.0,7.58
2498,250,3.5,6.91
2499,250,4.0,6.88
2500,250,4.5,6.37
2501,251,0.0,7.84
2502,251,0.5,8.28
2503,251,1.0,7.14
2504,251,1.5,8.03
2505,251,2.0,7.66
2506,251,2.5,8.48
2507,251,3.0,6.76
2508,251,3.5,7.64
2509,251,4.0,8.2
2510,251,4.5,7.19
2511,252,0.0,8.93
2512,252,0.5,8.53
2513,252,1.0,8.46
2514,252,1.5,8.18
2515,252,2.0,7.44
2516,252,2.5,6.84
2517,252,3.0,7.12
2518,252,3.5,7.1
2519,252,4.0,8.03
2520,252,4.5,7.05
2521,253,0.0,8.91
2522,253,0.5,8.6
2523,253,1.0,7.76
2524,253,1.5,6.89
2525,253,2.0,7.01
2526,253,2.5,8.11
2527,253,3.0,8.39
2528,253,3.5,6.6
2529,253,4.0,6.23
2530,253,4.5,7.37
2531,254,0.0,7.57
2532,254,0.5,7.12
2533,254,1.0,8.14
2534,254,1.5,7.83
2535,254,2.0,7.58
2536,254,2.5,6.57
2537,254,3.0,7.19
2538,254,3.5,7.86
2539,254,4.0,7.27
2540,254,4.5,6.73
2541,255,0.0,8.88
2542,255,0.5,8.9
2543,255,1.0,7.21
2544,255,1.5,7.31
2545,255,2.0,8.4
2546,255,2.5,7.62
2547,255,3.0,6.41
2548,255,3.5,6.81
2549,255,4.0,7.83
2550,255,4.5,6.32
2551,256,0.0,8.32
2552,256,0.5,7.05
2553,256,1.0,8.01
2554,256,1.5,6.79
2555,256,2.0,6.81
2556,256,2.5,7.57
2557,256,3.0,8.37
2558,256,3.5,6.39
2559,256,4.0,7.46
2560,256,4.5,6.35
2561,257,0.0,7.4
2562,257,0.5,7.97
2563,257,1.0,6.97
2564,257,1.5,7.49
2565,257,2.0,8.03
2566,257,2.5,8.27
2567,257,3.0,7.39
2568,257,3.5,6.72
2569,257,4.0,8.18
2570,257,4.5,7.39
2571,258,0.0,7.24
2572,258,0.5,8.37
2573,258,1.0,7.35
2574,258,1.5,8.05
2575,258,2.0,7.08
2576,258,2.5,6.64
2577,258,3.0,6.92
2578,258,3.5,7.73
2579,258,4.0,7.75
2580,258,4.5,6.19
2581,259,0.0,8.71
2582,259,0.5,8.06
2583,259,1.0,7.55
2584,259,1.5,8.59
2585,259,2.0,7.87
2586,259,2.5,7.69
2587,259,3.0,6.51
2588,259,3.5,7.65
2589,259,4.0,6.71
2590,259,4.5,7.22
2591,260,0.0,7.39
2592,260,0.5,8.63
2593,260,1.0,6.88
2594,260,1.5,7.46
2595,260,2.0,7.31
2596,260,2.5,6.99
2597,260,3.0,7.37
2598,260,3.5,7.49
2599,260,4.0,7.55
2600,260,4.5,6.21
2601,261,0.0,7.42
2602,261,0.5,8.64
2603,261,1.0,7.5
2604,261,1.5,7.28
2605,261,2.0,7.47
2606,261,2.5,7.34
2607,261,3.0,7.46
2608,261,3.5,8.27
2609,261,4.0,7.57
2610,261,4.5,6.68
2611,262,0.0,7.59
2612,262,0.5,7.23
2613,262,1.0,7.74
2614,262,1.5,8.61
2615,262,2.0,8.36
2616,262,2.5,8.34
2617,262,3.0,7.3
2618,262,3.5,6.37
2619,262,4.0,7.48
2620,262,4.5,6.15
2621,263,0.0,7.32
2622,263,0.5,8.9
2623,263,1.0,6.86
2624,263,1.5,8.36
2625,263,2.0,8.57
2626,263,2.5,7.5
2627,263,3.0,8.26
2628,263,3.5,7.03
2629,263,4.0,6.75
2630,263,4.5,8.09
2631,264,0.0,7.49
2632,264,0.5,7.66
2633,264,1.0,8.31
2634,264,1.5,7.77
2635,264,2.0,7.54
2636,264,2.5,7.4
2637,264,3.0,8.35
2638,264,3.5,7.41
2639,264,4.0,6.49
2640,264,4.5,7.79
2641,265,0.0,7.14
2642,265,0.5,7.24
2643,265,1.0,8.63
2644,265,1.5,6.96
2645,265,2.0,7.69
2646,265,2.5,8.49
2647,265,3.0,6.74
2648,265,3.5,8.14
2649,265,4.0,7.39
2650,265,4.5,7.66
2651,266,0.0,8.01
2652,266,0.5,8.9
2653,266,1.0,7.07
2654,266,1.5,8.46
2655,266,2.0,6.68
2656,266,2.5,7.54
2657,266,3.0,7.78
2658,266,3.5,7.85
2659,266,4.0,7.76
2660,266,4.5,6.29
2661,267,0.0,8.21
2662,267,0.5,8.0
2663,267,1.0,8.56
2664,267,1.5,8.06
2665,267,2.0,8.55
2666,267,2.5,8.08
2667,267,3.0,6.79
2668,267,3.5,6.53
2669,267,4.0,6.97
2670,267,4.5,7.28
2671,268,0.0,8.75
2672,268,0.5,7.67
2673,268,1.0,7.49
2674,268,1.5,8.35
2675,268,2.0,7.01
2676,268,2.5,6.95
2677,268,3.0,7.01
2678,268,3.5,8.07
2679,268,4.0,7.26
2680,268,4.5,7.42
2681,269,0.0,7.29
2682,269,0.5,8.37
2683,269,1.0,7.33
2684,269,1.5,7.35
2685,269,2.0,7.9
2686,269,2.5,8.4
2687,269,3.0,6.69
2688,269,3.5,7.95
2689,269,4.0,6.85
2690,269,4.5,7.83
2691,270,0.0,8.88
2692,270,0.5,8.2
2693,270,1.0,8.5
2694,270,1.5,8.53
2695,270,2.0,8.18
2696,270,2.5,8.18
2697,270,3.0,6.57
2698,270,3.5,7.5
2699,270,4.0,6.78
2700,270,4.5,7.9
2701,271,0.0,8.03
2702,271,0.5,8.8
2703,271,1.0,7.16
2704,271,1.5,7.04
2705,271,2.0,7.49
2706,271,2.5,7.98
2707,271,3.0,6.72
2708,271,3.5,6.9
2709,271,4.0,8.07
2710,271,4.5,7.49
2711,272,0.0,8.76
2712,272,0.5,8.48
2713,272,1.0,7.31
2714,272,1.5,8.52
2715,272,2.0,6.75
2716,272,2.5,7.15
2717,272,3.0,7.61
2718,272,3.5,7.87
2719,272,4.0,6.33
2720,272,4.5,7.35
2721,273,0.0,7.1
2722,273,0.5,8.28
2723,273,1.0,7.33
2724,273,1.5,8.03
2725,273,2.0,6.94
2726,273,2.5,7.72
2727,273,3.0,8.14
2728,273,3.5,7.88
2729,273,4.0,6.79
2730,273,4.5,6.5
2731,274,0.0,8.39
2732,274,0.5,8.12
2733,274,1.0,7.7
2734,274,1.5,7.15
2735,274,2.0,7.96
2736,274,2.5,7.98
2737,274,3.0,7.39
2738,274,3.5,6.63
2739,274,4.0,6.41
2740,274,4.5,6.98
2741,275,0.0,8.31
2742,275,0.5,8.07
2743,275,1.0,8.61
2744,275,1.5,8.1
2745,275,2.0,7.68
2746,275,2.5,7.42
2747,275,3.0,8.32
2748,275,3.5,7.86
2749,275,4.0,8.17
2750,275,4.5,7.42
2751,276,0.0,7.03
2752,276,0.5,8.81
2753,276,1.0,8.44
2754,276,1.5,7.96
2755,276,2.0,8.08
2756,276,2.5,7.61
2757,276,3.0,7.41
2758,276,3.5,7.1
2759,276,4.0,7.06
2760,276,4.5,7.95
2761,277,0.0,7.8
2762,277,0.5,7.11
2763,277,1.0,7.19
2764,277,1.5,7.79
2765,277,2.0,8.23
2766,277,2.5,8.19
2767,277,3.0,7.02
2768,277,3.5,6.54
2769,277,4.0,6.81
2770,277,4.5,6.75
2771,278,0.0,7.4
2772,278,0.5,7.53
2773,278,1.0,8.09
2774,278,1.5,7.7
2775,278,2.0,7.47
2776,278,2.5,7.55
2777,278,3.0,6.81
2778,278,3.5,8.19
2779,278,4.0,7.14
2780,278,4.5,7.97
2781,279,0.0,7.89
2782,279,0.5,7.05
2783,279,1.0,7.25
2784,279,1.5,6.8
2785,279,2.0,7.81
2786,279,2.5,6.87
2787,279,3.0,7.5
2788,279,3.5,8.24
2789,279,4.0,7.75
2790,279,4.5,7.91
2791,280,0.0,7.92
2792,280,0.5,7.47
2793,280,1.0,8.04
2794,280,1.5,6.85
2795,280,2.0,7.68
2796,280,2.5,7.24
2797,280,3.0,7.12
2798,280,3.5,7.68
2799,280,4.0,7.94
2800,280,4.5,7.68
2801,281,0.0,7.7
2802,281,0.5,7.24
2803,281,1.0,7.71
2804,281,1.5,8.26
2805,281,2.0,7.17
2806,281,2.5,7.34
2807,281,3.0,7.75
2808,281,3.5,6.51
2809,281,4.0,6.42
2810,281,4.5,7.03
2811,282,0.0,7.13
2812,282,0.5,8.5
2813,282,1.0,7.23
2814,282,1.5,8.55
2815,282,2.0,8.38
2816,282,2.5,6.56
2817,282,3.0,7.86
2818,282,3.5,7.05
2819,282,4.0,6.66
2820,282,4.5,6.76
2821,283,0.0,8.03
2822,283,0.5,7.29
2823,283,1.0,6.84
2824,283,1.5,7.22
2825,283,2.0,7.9
2826,283,2.5,7.59
2827,283,3.0,7.21
2828,283,3.5,6.47
2829,283,4.0,7.22
2830,283,4.5,7.17
2831,284,0.0,7.9
2832,284,0.5,7.61
2833,284,1.0,7.45
2834,284,1.5,8.3
2835,284,2.0,7.14
2836,284,2.5,6.96
2837,284,3.0,8.1
2838,284,3.5,7.06
2839,284,4.0,7.97
2840,284,4.5,6.43
2841,285,0.0,8.33
2842,285,0.5,7.7
2843,285,1.0,7.27
2844,285,1.5,8.03
2845,285,2.0,7.2
2846,285,2.5,6.68
2847,285,3.0,7.52
2848,285,3.5,7.88
2849,285,4.0,7.63
2850,285,4.5,7.15
2851,286,0.0,8.5
2852,286,0.5,8.74
2853,286,1.0,8.73
2854,286,1.5,8.61
2855,286,2.0,6.8
2856,286,2.5,7.11
2857,286,3.0,8.33
2858,286,3.5,7.06
2859,286,4.0,6.39
2860,286,4.5,7.59
2861,287,0.0,7.87
2862,287,0.5,8.27
2863,287,1.0,7.77
2864,287,1.5,7.46
2865,287,2.0,6.62
2866,287,2.5,7.33
2867,287,3.0,8.32
2868,287,3.5,6.46
2869,287,4.0,7.45
2870,287,4.5,7.36
2871,288,0.0,8.81
2872,288,0.5,7.4
2873,288,1.0,8.08
2874,288,1.5,7.12
2875,288,2.0,8.59
2876,288,2.5,8.02
2877,288,3.0,7.9
2878,288,3.5,8.17
2879,288,4.0,7.79
2880,288,4.5,6.17
2881,289,0.0,7.27
2882,289,0.5,8.49
2883,289,1.0,6.95
2884,289,1.5,7.32
2885,289,2.0,7.15
2886,289,2.5,7.88
2887,289,3.0,7.56
2888,289,3.5,7.42
2889,289,4.0,6.36
2890,289,4.5,7.59
2891,290,0.0,8.38
2892,290,0.5,7.52
2893,290,1.0,8.78
2894,290,1.5,6.88
2895,290,2.0,8.24
2896,290,2.5,7.19
2897,290,3.0,7.82
2898,290,3.5,7.32
2899,290,4.0,6.31
2900,290,4.5,7.99
2901,291,0.0,7.73
2902,291,0.5,8.19
2903,291,1.0,7.87
2904,291,1.5,7.9
2905,291,2.0,8.47
2906,291,2.5,7.85
2907,291,3.0,7.09
2908,291,3.5,7.14
2909,291,4.0,7.11
2910,291,4.5,6.99
2911,292,0.0,8.99
2912,292,0.5,8.64
2913,292,1.0,8.29
2914,292,1.5,7.65
2915,292,2.0,7.26
2916,292,2.5,7.49
2917,292,3.0,7.61
2918,292,3.5,7.21
2919,292,4.0,6.85
2920,292,4.5,6.75
2921,293,0.0,7.94
2922,293,0.5,8.72
2923,293,1.0,8.13
2924,293,1.5,8.34
2925,293,2.0,7.37
2926,293,2.5,7.86
2927,293,3.0,6.45
2928,293,3.5,7.79
2929,293,4.0,7.42
2930,293,4.5,8.03
2931,294,0.0,8.31
2932,294,0.5,8.41
2933,294,1.0,7.71
2934,294,1.5,8.16
2935,294,2.0,8.41
2936,294,2.5,8.23
2937,294,3.0,7.34
2938,294,3.5,7.9
2939,294,4.0,6.86
2940,294,4.5,7.31
2941,295,0.0,8.18
2942,295,0.5,8.43
2943,295,1.0,7.06
2944,295,1.5,8.58
2945,295,2.0,7.9
2946,295,2.5,7.47
2947,295,3.0,7.81
2948,295,3.5,6.48
2949,295,4.0,6.68
2950,295,4.5,6.17
2951,296,0.0,8.81
2952,296,0.5,7.54
2953,296,1.0,8.6
2954,296,1.5,7.23
2955,296,2.0,8.43
2956,296,2.5,8.04
2957,296,3.0,7.33
2958,296,3.5,8.09
2959,296,4.0,7.22
2960,296,4.5,7.81
2961,297,0.0,7.38
2962,297,0.5,8.47
2963,297,1.0,7.84
2964,297,1.5,7.17
2965,297,2.0,7.98
2966,297,2.5,7.05
2967,297,3.0,7.03
2968,297,3.5,6.51
2969,297,4.0,6.44
2970,297,4.5,6.68
2971,298,0.0,8.33
2972,298,0.5,7.41
2973,298,1.0,7.75
2974,298,1.5,8.1
2975,298,2.0,8.02
2976,298,2.5,7.52
2977,298,3.0,7.58
2978,298,3.5,8.26
2979,298,4.0,8.02
2980,298,4.5,6.95
2981,299,0.0,7.39
2982,299,0.5,8.79
2983,299,1.0,8.47
2984,299,1.5,6.83
2985,299,2.0,6.72
2986,299,2.5,8.1
2987,299,3.0,6.74
2988,299,3.5,8.14
2989,299,4.0,6.77
2990,299,4.5,7.86
2991,300,0.0,7.92
2992,300,0.5,8.58
2993,300,1.0,7.66
2994,300,1.5,7.11
2995,300,2.0,7.06
2996,300,2.5,8.25
2997,300,3.0,8.06
2998,300,3.5,6.61
2999,300,4.0,6.39
3000,300,4.5,6.51
3001,301,0.0,7.99
3002,301,0.5,8.27
3003,301,1.0,7.02
3004,301,1.5,8.67
3005,301,2.0,8.59
3006,301,2.5,7.2
3007,301,3.0,6.99
3008,301,3.5,6.57
3009,301,4.0,7.58
3010,301,4.5,6.92
3011,302,0.0,7.01
3012,302,0.5,7.99
3013,302,1.0,7.32
3014,302,1.5,8.54
3015,302,2.0,7.14
3016,302,2.5,7.04
3017,302,3.0,6.58
3018,302,3.5,7.31
3019,302,4.0,7.75
3020,302,4.5,7.81
3021,303,0.0,8.5
3022,303,0.5,7.77
3023,303,1.0,8.26
3024,303,1.5,7.73
3025,303,2.0,8.17
3026,303,2.5,8.02
3027,303,3.0,7.73
3028,303,3.5,6.87
3029,303,4.0,6.25
3030,303,4.5,7.05
3031,304,0.0,8.79
3032,304,0.5,8.45
3033,304,1.0,7.13
3034,304,1.5,7.72
3035,304,2.0,8.09
3036,304,2.5,7.86
3037,304,3.0,7.39
3038,304,3.5,7.08
3039,304,4.0,6.51
3040,304,4.5,7.29
3041,305,0.0,8.97
3042,305,0.5,8.19
3043,305,1.0,7.55
3044,305,1.5,8.65
3045,305,2.0,6.6
3046,305,2.5,7.21
3047,305,3.0,8.04
3048,305,3.5,6.45
3049,305,4.0,7.32
3050,305,4.5,6.5
3051,306,0.0,8.89
3052,306,0.5,8.61
3053,306,1.0,7.33
3054,306,1.5,8.35
3055,306,2.0,7.05
3056,306,2.5,7.41
3057,306,3.0,7.89
3058,306,3.5,7.76
3059,306,4.0,7.34
3060,306,4.5,6.77
3061,307,0.0,8.45
3062,307,0.5,7.42
3063,307,1.0,8.3
3064,307,1.5,8.63
3065,307,2.0,6.99
3066,307,2.5,6.58
3067,307,3.0,7.79
3068,307,3.5,7.82
3069,307,4.0,7.47
3070,307,4.5,7.74
3071,308,0.0,7.46
3072,308,0.5,7.12
3073,308,1.0,7.93
3074,308,1.5,8.29
3075,308,2.0,6.68
3076,308,2.5,7.3
3077,308,3.0,6.51
3078,308,3.5,8.06
3079,308,4.0,7.72
3080,308,4.5,7.11
3081,309,0.0,8.67
3082,309,0.5,7.0
3083,309,1.0,7.02
3084,309,1.5,8.44
3085,309,2.0,8.04
3086,309,2.5,8.11
3087,309,3.0,6.6
3088,309,3.5,7.14
3089,309,4.0,7.7
3090,309,4.5,7.42
3091,310,0.0,7.78
3092,310,0.5,7.55
3093,310,1.0,7.39
3094,310,1.5,7.58
3095,310,2.0,7.9
3096,310,2.5,7.52
3097,310,3.0,7.99
3098,310,3.5,8.29
3099,310,4.0,6.49
3100,310,4.5,8.05
3101,311,0.0,7.34
3102,311,0.5,7.8
3103,311,1.0,7.38
3104,311,1.5,7.36
3105,311,2.0,6.73
3106,311,2.5,7.24
3107,311,3.0,7.14
3108,311,3.5,7.12
3109,311,4.0,7.32
3110,311,4.5,7.41
3111,312,0.0,7.99
3112,312,0.5,7.68
3113,312,1.0,7.66
3114,312,1.5,7.44
3115,312,2.0,7.64
3116,312,2.5,7.23
3117,312,3.0,8.02
3118,312,3.5,7.08
3119,312,4.0,7.71
3120,312,4.5,8.03
3121,313,0.0,8.52
3122,313,0.5,8.74
3123,313,1.0,7.51
3124,313,1.5,7.59
3125,313,2.0,7.49
3126,313,2.5,8.1
3127,313,3.0,7.09
3128,313,3.5,7.62
3129,313,4.0,7.14
3130,313,4.5,6.51
3131,314,0.0,8.74
3132,314,0.5,8.88
3133,314,1.0,8.32
3134,314,1.5,6.93
3135,314,2.0,7.21
3136,314,2.5,6.89
3137,314,3.0,6.42
3138,314,3.5,7.76
3139,314,4.0,6.74
3140,314,4.5,6.15
3141,315,0.0,7.19
3142,315,0.5,8.33
3143,315,1.0,7.48
3144,315,1.5,7.79
3145,315,2.0,7.49
3146,315,2.5,8.47
3147,315,3.0,7.93
3148,315,3.5,6.76
3149,315,4.0,6.52
3150,315,4.5,7.22
3151,316,0.0,8.29
3152,316,0.5,6.99
3153,316,1.0,8.39
3154,316,1.5,7.2
3155,316,2.0,6.78
3156,316,2.5,6.64
3157,316,3.0,7.53
3158,316,3.5,6.7
3159,316,4.0,6.57
3160,316,4.5,7.05
3161,317,0.0,8.5
3162,317,0.5,7.22
3163,317,1.0,6.9
3164,317,1.5,7.85
3165,317,2.0,7.66
3166,317,2.5,8.09
3167,317,3.0,7.57
3168,317,3.5,6.57
3169,317,4.0,6.45
3170,317,4.5,7.87
3171,318,0.0,7.92
3172,318,0.5,6.91
3173,318,1.0,7.17
3174,318,1.5,8.6
3175,318,2.0,6.74
3176,318,2.5,6.54
3177,318,3.0,7.99
3178,318,3.5,7.1
3179,318,4.0,8.03
3180,318,4.5,7.32
3181,319,0.0,7.97
3182,319,0.5,8.37
3183,319,1.0,8.55
3184,319,1.5,8.22
3185,319,2.0,7.17
3186,319,2.5,8.22
3187,319,3.0,7.84
3188,319,3.5,6.52
3189,319,4.0,6.56
3190,319,4.5,6.22
3191,320,0.0,7.92
3192,320,0.5,8.89
3193,320,1.0,7.1
3194,320,1.5,7.92
3195,320,2.0,7.82
3196,320,2.5,7.78
3197,320,3.0,8.17
3198,320,3.5,6.69
3199,320,4.0,7.78
3200,320,4.5,6.94
3201,321,0.0,8.09
3202,321,0.5,8.14
3203,321,1.0,8.38
3204,321,1.5,7.3
3205,321,2.0,6.61
3206,321,2.5,7.37
3207,321,3.0,7.8
3208,321,3.5,7.11
3209,321,4.0,6.96
3210,321,4.5,7.66
3211,322,0.0,7.28
3212,322,0.5,7.73
3213,322,1.0,7.21
3214,322,1.5,8.69
3215,322,2.0,7.12
3216,322,2.5,7.12
3217,322,3.0,7.3
3218,322,3.5,8.14
3219,322,4.0,6.43
3220,322,4.5,7.93
3221,323,0.0,8.72
3222,323,0.5,8.23
3223,323,1.0,7.01
3224,323,1.5,7.57
3225,323,2.0,6.88
3226,323,2.5,7.65
3227,323,3.0,6.64
3228,323,3.5,7.86
3229,323,4.0,7.13
3230,323,4.5,7.78
3231,324,0.0,7.01
3232,324,0.5,8.76
3233,324,1.0,7.63
3234,324,1.5,8.22
3235,324,2.0,7.66
3236,324,2.5,6.58
3237,324,3.0,7.4
3238,324,3.5,7.7
3239,324,4.0,7.37
3240,324,4.5,6.24
3241,325,0.0,8.2
3242,325,0.5,8.21
3243,325,1.0,7.18
3244,325,1.5,7.66
3245,325,2.0,7.14
3246,325,2.5,8.18
3247,325,3.0,8.07
3248,325,3.5,6.5
3249,325,4.0,7.62
3250,325,4.5,6.27
3251,326,0.0,8.59
3252,326,0.5,7.33
3253,326,1.0,7.57
3254,326,1.5,7.65
3255,326,2.0,8.25
3256,326,2.5,7.09
3257,326,3.0,7.28
3258,326,3.5,7.1
3259,326,4.0,6.54
3260,326,4.5,6.58
3261,327,0.0,8.04
3262,327,0.5,7.08
3263,327,1.0,8.43
3264,327,1.5,8.41
3265,327,2.0,7.28
3266,327,2.5,6.89
3267,327,3.0,8.3
3268,327,3.5,6.82
3269,327,4.0,6.79
3270,327,4.5,7.65
3271,328,0.0,7.83
3272,328,0.5,7.84
3273,328,1.0,8.38
3274,328,1.5,7.7
3275,328,2.0,8.56
3276,328,2.5,7.54
3277,328,3.0,8.3
3278,328,3.5,6.83
3279,328,4.0,7.3
3280,328,4.5,7.31
3281,329,0.0,7.55
3282,329,0.5,8.32
3283,329,1.0,7.22
3284,329,1.5,8.26
3285,329,2.0,8.49
3286,329,2.5,7.72
3287,329,3.0,7.12
3288,329,3.5,7.85
3289,329,4.0,8.1
3290,329,4.5,6.78
3291,330,0.0,7.26
3292,330,0.5,8.54
3293,330,1.0,6.98
3294,330,1.5,8.27
3295,330,2.0,8.21
3296,330,2.5,8.35
3297,330,3.0,7.08
3298,330,3.5,6.58
3299,330,4.0,6.81
3300,330,4.5,8.06
3301,331,0.0,8.45
3302,331,0.5,8.74
3303,331,1.0,7.38
3304,331,1.5,6.85
3305,331,2.0,8.49
3306,331,2.5,7.92
3307,331,3.0,7.61
3308,331,3.5,8.0
3309,331,4.0,6.72
3310,331,4.5,6.83
3311,332,0.0,8.95
3312,332,0.5,8.74
3313,332,1.0,7.49
3314,332,1.5,7.23
3315,332,2.0,6.89
3316,332,2.5,7.79
3317,332,3.0,7.7
3318,332,3.5,6.35
3319,332,4.0,6.55
3320,332,4.5,7.76
3321,333,0.0,7.43
3322,333,0.5,6.94
3323,333,1.0,8.35
3324,333,1.5,7.88
3325,333,2.0,7.75
3326,333,2.5,8.03
3327,333,3.0,8.24
3328,333,3.5,7.65
3329,333,4.0,6.26
3330,333,4.5,6.12
3331,334,0.0,8.84
3332,334,0.5,8.58
3333,334,1.0,7.29
3334,334,1.5,6.73
3335,334,2.0,7.22
3336,334,2.5,7.37
3337,334,3.0,6.76
3338,334,3.5,6.34
3339,334,4.0,6.95
3340,334,4.5,7.74
3341,335,0.0,8.02
3342,335,0.5,8.45
3343,335,1.0,7.28
3344,335,1.5,8.38
3345,335,2.0,6.83
3346,335,2.5,6.82
3347,335,3.0,8.02
3348,335,3.5,7.28
3349,335,4.0,8.08
3350,335,4.5,6.43
3351,336,0.0,7.77
3352,336,0.5,8.45
3353,336,1.0,7.58
3354,336,1.5,7.48
3355,336,2.0,7.4
3356,336,2.5,8.27
3357,336,3.0,7.53
3358,336,3.5,6.83
3359,336,4.0,7.97
3360,336,4.5,6.74
3361,337,0.0,7.75
3362,337,0.5,7.43
3363,337,1.0,8.4
3364,337,1.5,8.58
3365,337,2.0,8.3
3366,337,2.5,7.32
3367,337,3.0,8.29
3368,337,3.5,7.07
3369,337,4.0,7.19
3370,337,4.5,7.46
3371,338,0.0,7.55
3372,338,0.5,7.67
3373,338,1.0,8.18
3374,338,1.5,8.27
3375,338,2.0,8.57
3376,338,2.5,6.67
3377,338,3.0,7.94
3378,338,3.5,7.54
3379,338,4.0,7.34
3380,338,4.5,6.49
3381,339,0.0,8.02
3382,339,0.5,8.77
3383,339,1.0,7.48
3384,339,1.5,6.75
3385,339,2.0,8.57
3386,339,2.5,8.19
3387,339,3.0,7.8
3388,339,3.5,7.24
3389,339,4.0,8.0
3390,339,4.5,7.31
3391,340,0.0,7.92
3392,340,0.5,7.07
3393,340,1.0,7.76
3394,340,1.5,6.81
3395,340,2.0,8.21
3396,340,2.5,6.62
3397,340,3.0,7.32
3398,340,3.5,7.11
3399,340,4.0,7.76
3400,340,4.5,6.75
3401,341,0.0,7.88
3402,341,0.5,8.18
3403,341,1.0,8.65
3404,341,1.5,7.94
3405,341,2.0,7.94
3406,341,2.5,8.35
3407,341,3.0,7.49
3408,341,3.5,6.78
3409,341,4.0,7.98
3410,341,4.5,7.45
3411,342,0.0,8.14
3412,342,0.5,7.0
3413,342,1.0,7.62
3414,342,1.5,7.36
3415,342,2.0,7.95
3416,342,2.5,6.72
3417,342,3.0,6.42
3418,342,3.5,7.13
3419,342,4.0,7.5
3420,342,4.5,7.75
3421,343,0.0,8.94
3422,343,0.5,7.43
3423,343,1.0,7.02
3424,343,1.5,6.97
3425,343,2.0,8.12
3426,343,2.5,8.32
3427,343,3.0,6.47
3428,343,3.5,7.83
3429,343,4.0,6.45
3430,343,4.5,7.54
3431,344,0.0,7.65
3432,344,0.5,7.16
3433,344,1.0,7.05
3434,344,1.5,7.7
3435,344,2.0,6.74
3436,344,2.5,6.7
3437,344,3.0,7.67
3438,344,3.5,7.06
3439,344,4.0,7.03
3440,344,4.5,7.23
3441,345,0.0,7.63
3442,345,0.5,8.76
3443,345,1.0,8.37
3444,345,1.5,8.17
3445,345,2.0,7.03
3446,345,2.5,8.49
3447,345,3.0,8.01
3448,345,3.5,6.67
3449,345,4.0,6.7
3450,345,4.5,6.43
3451,346,0.0,7.74
3452,346,0.5,8.79
3453,346,1.0,8.57
3454,346,1.5,6.92
3455,346,2.0,7.72
3456,346,2.5,7.69
3457,346,3.0,7.49
3458,346,3.5,7.09
3459,346,4.0,6.92
3460,346,4.5,7.59
3461,347,0.0,8.74
3462,347,0.5,7.25
3463,347,1.0,6.94
3464,347,1.5,7.17
3465,347,2.0,7.76
3466,347,2.5,7.43
3467,347,3.0,7.03
3468,347,3.5,8.06
3469,347,4.0,6.94
3470,347,4.5,8.01
3471,348,0.0,8.51
3472,348,0.5,7.21
3473,348,1.0,7.29
3474,348,1.5,8.14
3475,348,2.0,7.28
3476,348,2.5,7.87
3477,348,3.0,7.33
3478,348,3.5,8.08
3479,348,4.0,6.72
3480,348,4.5,7.62
3481,349,0.0,8.32
3482,349,0.5,8.87
3483,349,1.0,8.06
3484,349,1.5,8.15
3485,349,2.0,8.36
3486,349,2.5,6.59
3487,349,3.0,7.53
3488,349,3.5,7.26
3489,349,4.0,7.89
3490,349,4.5,6.61
3491,350,0.0,7.46
3492,350,0.5,7.14
3493,350,1.0,8.66
3494,350,1.5,6.9
3495,350,2.0,8.11
3496,350,2.5,7.19
3497,350,3.0,6.73
3498,350,3.5,7.07
3499,350,4.0,6.76
3500,350,4.5,6.86
3501,351,0.0,8.88
3502,351,0.5,8.67
3503,351,1.0,8.18
3504,351,1.5,8.45
3505,351,2.0,8.19
3506,351,2.5,7.75
3507,351,3.0,7.49
3508,351,3.5,7.25
3509,351,4.0,7.16
3510,351,4.5,6.34
3511,352,0.0,7.31
3512,352,0.5,7.18
3513,352,1.0,7.64
3514,352,1.5,7.05
3515,352,2.0,8.1
3516,352,2.5,7.79
3517,352,3.0,8.19
3518,352,3.5,8.0
3519,352,4.0,7.77
3520,352,4.5,7.33
3521,353,0.0,7.73
3522,353,0.5,8.12
3523,353,1.0,8.16
3524,353,1.5,7.82
3525,353,2.0,8.13
3526,353,2.5,8.12
3527,353,3.0,7.73
3528,353,3.5,6.62
3529,353,4.0,7.91
3530,353,4.5,7.19
3531,354,0.0,7.82
3532,354,0.5,7.41
3533,354,1.0,8.27
3534,354,1.5,8.36
3535,354,2.0,7.12
3536,354,2.5,7.23
3537,354,3.0,7.62
3538,354,3.5,7.11
3539,354,4.0,7.04
3540,354,4.5,7.43
3541,355,0.0,8.56
3542,355,0.5,7.15
3543,355,1.0,7.36
3544,355,1.5,7.83
3545,355,2.0,7.48
3546,355,2.5,7.46
3547,355,3.0,7.74
3548,355,3.5,6.67
3549,355,4.0,7.75
3550,355,4.5,6.13
3551,356,0.0,7.12
3552,356,0.5,8.64
3553,356,1.0,8.31
3554,356,1.5,8.22
3555,356,2.0,7.63
3556,356,2.5,7.3
3557,356,3.0,6.58
3558,356,3.5,7.13
3559,356,4.0,6.48
3560,356,4.5,7.83
3561,357,0.0,8.04
3562,357,0.5,7.06
3563,357,1.0,7.29
3564,357,1.5,7.24
3565,357,2.0,7.06
3566,357,2.5,7.45
3567,357,3.0,8.14
3568,357,3.5,8.12
3569,357,4.0,8.16
3570,357,4.5,7.41
3571,358,0.0,7.92
3572,358,0.5,8.38
3573,358,1.0,7.38
3574,358,1.5,7.12
3575,358,2.0,8.1
3576,358,2.5,7.12
3577,358,3.0,8.15
3578,358,3.5,7.67
3579,358,4.0,6.97
3580,358,4.5,6.79
3581,359,0.0,8.57
3582,359,0.5,7.78
3583,359,1.0,7.08
3584,359,1.5,8.11
3585,359,2.0,7.98
3586,359,2.5,8.49
3587,359,3.0,8.12
3588,359,3.5,7.26
3589,359,4.0,6.41
3590,359,4.5,7.36
3591,360,0.0,7.65
3592,360,0.5,8.83
3593,360,1.0,8.18
3594,360,1.5,7.0
3595,360,2.0,7.37
3596,360,2.5,7.09
3597,360,3.0,6.86
3598,360,3.5,6.54
3599,360,4.0,7.28
3600,360,4.5,7.47
3601,361,0.0,7.37
3602,361,0.5,7.61
3603,361,1.0,7.58
3604,361,1.5,8.21
3605,361,2.0,7.14
3606,361,2.5,6.95
3607,361,3.0,8.23
3608,361,3.5,7.68
3609,361,4.0,7.22
3610,361,4.5,6.14
3611,362,0.0,7.92
3612,362,0.5,7.03
3613,362,1.0,7.85
3614,362,1.5,6.84
3615,362,2.0,6.67
3616,362,2.5,7.55
3617,362,3.0,8.17
3618,362,3.5,6.65
3619,362,4.0,7.97
3620,362,4.5,6.94
3621,363,0.0,8.21
3622,363,0.5,8.05
3623,363,1.0,8.19
3624,363,1.5,6.92
3625,363,2.0,6.68
3626,363,2.5,7.35
3627,363,3.0,8.34
3628,363,3.5,7.74
3629,363,4.0,6.61
3630,363,4.5,7.99
3631,364,0.0,8.04
3632,364,0.5,7.21
3633,364,1.0,7.84
3634,364,1.5,7.66
3635,364,2.0,7.43
3636,364,2.5,7.3
3637,364,3.0,6.92
3638,364,3.5,6.33
3639,364,4.0,7.39
3640,364,4.5,6.1
3641,365,0.0,8.04
3642,365,0.5,7.75
3643,365,1.0,8.71
3644,365,1.5,8.42
3645,365,2.0,7.71
3646,365,2.5,8.2
3647,365,3.0,7.51
3648,365,3.5,8.16
3649,365,4.0,6.32
3650,365,4.5,7.15
3651,366,0.0,8.0
3652,366,0.5,7.37
3653,366,1.0,7.85
3654,366,1.5,6.79
3655,366,2.0,6.83
3656,366,2.5,8.09
3657,366,3.0,7.32
3658,366,3.5,7.95
3659,366,4.0,7.71
3660,366,4.5,7.21
3661,367,0.0,7.77
3662,367,0.5,7.61
3663,367,1.0,7.09
3664,367,1.5,8.45
3665,367,2.0,7.38
3666,367,2.5,7.63
3667,367,3.0,7.58
3668,367,3.5,7.49
3669,367,4.0,7.14
3670,367,4.5,6.49
3671,368,0.0,7.15
3672,368,0.5,8.39
3673,368,1.0,7.78
3674,368,1.5,7.72
3675,368,2.0,8.47
3676,368,2.5,6.91
3677,368,3.0,7.46
3678,368,3.5,6.71
3679,368,4.0,7.31
3680,368,4.5,7.85
3681,369,0.0,7.79
3682,369,0.5,7.27
3683,369,1.0,8.33
3684,369,1.5,8.19
3685,369,2.0,7.22
3686,369,2.5,6.51
3687,369,3.0,6.69
3688,369,3.5,6.73
3689,369,4.0,8.01
3690,369,4.5,6.69
3691,370,0.0,7.04
3692,370,0.5,7.43
3693,370,1.0,7.68
3694,370,1.5,7.9
3695,370,2.0,7.42
3696,370,2.5,8.13
3697,370,3.0,8.1
3698,370,3.5,6.74
3699,370,4.0,7.58
3700,370,4.5,7.99
3701,371,0.0,8.09
3702,371,0.5,8.01
3703,371,1.0,8.28
3704,371,1.5,8.09
3705,371,2.0,8.33
3706,371,2.5,8.26
3707,371,3.0,8.01
3708,371,3.5,7.02
3709,371,4.0,8.09
3710,371,4.5,6.27
3711,372,0.0,8.23
3712,372,0.5,7.12
3713,372,1.0,8.53
3714,372,1.5,7.66
3715,372,2.0,7.06
3716,372,2.5,7.69
3717,372,3.0,7.6
3718,372,3.5,6.98
3719,372,4.0,6.53
3720,372,4.5,6.38
3721,373,0.0,8.11
3722,373,0.5,7.75
3723,373,1.0,7.42
3724,373,1.5,7.5
3725,373,2.0,6.65
3726,373,2.5,6.94
3727,373,3.0,6.84
3728,373,3.5,7.81
3729,373,4.0,7.08
3730,373,4.5,6.55
3731,374,0.0,7.18
3732,374,0.5,7.49
3733,374,1.0,8.15
3734,374,1.5,7.76
3735,374,2.0,7.6
3736,374,2.5,7.62
3737,374,3.0,7.03
3738,374,3.5,7.58
3739,374,4.0,6.66
3740,374,4.5,7.36
3741,375,0.0,7.21
3742,375,0.5,7.45
3743,375,1.0,6.87
3744,375,1.5,7.31
3745,375,2.0,7.21
3746,375,2.5,7.46
3747,375,3.0,8.22
3748,375,3.5,7.43
3749,375,4.0,7.71
3750,375,4.5,7.72
3751,376,0.0,7.39
3752,376,0.5,7.2
3753,376,1.0,7.96
3754,376,1.5,8.65
3755,376,2.0,7.88
3756,376,2.5,7.6
3757,376,3.0,6.6
3758,376,3.5,7.8
3759,376,4.0,7.13
3760,376,4.5,7.59
3761,377,0.0,7.14
3762,377,0.5,7.44
3763,377,1.0,8.52
3764,377,1.5,6.9
3765,377,2.0,8.15
3766,377,2.5,6.79
3767,377,3.0,7.11
3768,377,3.5,6.64
3769,377,4.0,7.17
3770,377,4.5,7.64
3771,378,0.0,8.32
3772,378,0.5,8.7
3773,378,1.0,8.29
3774,378,1.5,6.97
3775,378,2.0,7.83
3776,378,2.5,7.08
3777,378,3.0,7.14
3778,378,3.5,8.3
3779,378,4.0,6.39
3780,378,4.5,6.3
3781,379,0.0,7.34
3782,379,0.5,8.49
3783,379,1.0,6.93
3784,379,1.5,8.08
3785,379,2.0,8.3
3786,379,2.5,8.12
3787,379,3.0,8.14
3788,379,3.5,7.25
3789,379,4.0,7.45
3790,379,4.5,7.17
3791,380,0.0,7.68
3792,380,0.5,8.57
3793,380,1.0,7.81
3794,380,1.5,8.55
3795,380,2.0,7.2
3796,380,2.5,6.82
3797,380,3.0,7.59
3798,380,3.5,7.09
3799,380,4.0,6.32
3800,380,4.5,6.38
3801,381,0.0,7.96
3802,381,0.5,7.39
3803,381,1.0,8.02
3804,381,1.5,7.7
3805,381,2.0,6.67
3806,381,2.5,7.67
3807,381,3.0,7.5
3808,381,3.5,7.66
3809,381,4.0,7.95
3810,381,4.5,7.71
3811,382,0.0,7.32
3812,382,0.5,7.15
3813,382,1.0,8.68
3814,382,1.5,8.2
3815,382,2.0,7.5
3816,382,2.5,7.02
3817,382,3.0,6.62
3818,382,3.5,8.03
3819,382,4.0,7.74
3820,382,4.5,6.83
3821,383,0.0,8.42
3822,383,0.5,7.29
3823,383,1.0,8.49
3824,383,1.5,7.38
3825,383,2.0,8.31
3826,383,2.5,8.4
3827,383,3.0,7.39
3828,383,3.5,7.15
3829,383,4.0,7.18
3830,383,4.5,6.79
3831,384,0.0,7.04
3832,384,0.5,7.46
3833,384,1.0,7.02
3834,384,1.5,7.78
3835,384,2.0,8.46
3836,384,2.5,7.0
3837,384,3.0,6.82
3838,384,3.5,7.99
3839,384,4.0,6.31
3840,384,4.5,7.57
3841,385,0.0,7.2
3842,385,0.5,8.2
3843,385,1.0,8.64
3844,385,1.5,7.63
3845,385,2.0,7.33
3846,385,2.5,6.56
3847,385,3.0,6.96
3848,385,3.5,8.29
3849,385,4.0,8.18
3850,385,4.5,7.37
3851,386,0.0,7.61
3852,386,0.5,8.63
3853,386,1.0,6.94
3854,386,1.5,8.64
3855,386,2.0,7.85
3856,386,2.5,6.63
3857,386,3.0,7.52
3858,386,3.5,6.67
3859,386,4.0,6.34
3860,386,4.5,7.36
3861,387,0.0,7.46
3862,387,0.5,6.93
3863,387,1.0,8.14
3864,387,1.5,8.61
3865,387,2.0,7.77
3866,387,2.5,6.7
3867,387,3.0,6.66
3868,387,3.5,6.35
3869,387,4.0,7.78
3870,387,4.5,7.08
3871,388,0.0,8.2
3872,388,0.5,7.33
3873,388,1.0,7.42
3874,388,1.5,6.83
3875,388,2.0,6.6
3876,388,2.5,8.33
3877,388,3.0,7.25
3878,388,3.5,7.98
3879,388,4.0,6.96
3880,388,4.5,7.34
3881,389,0.0,7.38
3882,389,0.5,7.52
3883,389,1.0,8.43
3884,389,1.5,8.21
3885,389,2.0,7.65
3886,389,2.5,7.13
3887,389,3.0,6.66
3888,389,3.5,7.05
3889,389,4.0,7.22
3890,389,4.5,7.29
3891,390,0.0,8.37
3892,390,0.5,8.2
3893,390,1.0,7.67
3894,390,1.5,7.78
3895,390,2.0,8.04
3896,390,2.5,8.02
3897,390,3.0,8.29
3898,390,3.5,8.13
3899,390,4.0,7.44
3900,390,4.5,7.29
3901,391,0.0,7.41
3902,391,0.5,8.88
3903,391,1.0,6.96
3904,391,1.5,7.47
3905,391,2.0,7.78
3906,391,2.5,7.87
3907,391,3.0,7.59
3908,391,3.5,7.55
3909,391,4.0,6.93
3910,391,4.5,7.49
3911,392,0.0,7.17
3912,392,0.5,8.37
3913,392,1.0,8.25
3914,392,1.5,7.77
3915,392,2.0,7.08
3916,392,2.5,7.53
3917,392,3.0,7.86
3918,392,3.5,8.11
3919,392,4.0,8.02
3920,392,4.5,8.03
3921,393,0.0,7.07
3922,393,0.5,7.37
3923,393,1.0,8.72
3924,393,1.5,7.43
3925,393,2.0,7.91
3926,393,2.5,8.42
3927,393,3.0,7.46
3928,393,3.5,7.49
3929,393,4.0,8.17
3930,393,4.5,6.37
3931,394,0.0,7.39
3932,394,0.5,7.22
3933,394,1.0,8.36
3934,394,1.5,8.36
3935,394,2.0,7.21
3936,394,2.5,7.61
3937,394,3.0,6.51
3938,394,3.5,7.72
3939,394,4.0,7.57
3940,394,4.5,7.47
3941,395,0.0,8.16
3942,395,0.5,8.5
3943,395,1.0,7.66
3944,395,1.5,7.98
3945,395,2.0,8.06
3946,395,2.5,7.01
3947,395,3.0,7.8
3948,395,3.5,6.53
3949,395,4.0,8.1
3950,395,4.5,6.42
3951,396,0.0,7.71
3952,396,0.5,7.95
3953,396,1.0,8.34
3954,396,1.5,7.16
3955,396,2.0,8.52
3956,396,2.5,7.63
3957,396,3.0,7.73
3958,396,3.5,6.38
3959,396,4.0,7.13
3960,396,4.5,7.47
3961,397,0.0,7.85
3962,397,0.5,7.48
3963,397,1.0,7.53
3964,397,1.5,8.21
3965,397,2.0,7.21
3966,397,2.5,6.56
3967,397,3.0,7.85
3968,397,3.5,7.41
3969,397,4.0,6.65
3970,397,4.5,6.44
3971,398,0.0,7.13
3972,398,0.5,7.16
3973,398,1.0,8.58
3974,398,1.5,7.05
3975,398,2.0,6.93
3976,398,2.5,7.44
3977,398,3.0,8.14
3978,398,3.5,8.0
3979,398,4.0,6.69
3980,398,4.5,7.79
3981,399,0.0,7.24
3982,399,0.5,8.17
3983,399,1.0,7.31
3984,399,1.5,7.32
3985,399,2.0,7.75
3986,399,2.5,6.92
3987,399,3.0,7.72
3988,399,3.5,7.94
3989,399,4.0,6.91
3990,399,4.5,7.56
3991,400,0.0,8.59
3992,400,0.5,7.23
3993,400,1.0,7.17
3994,400,1.5,6.9
3995,400,2.0,6.87
3996,400,2.5,8.22
3997,400,3.0,7.86
3998,400,3.5,7.53
3999,400,4.0,8.16
4000,400,4.5,7.02
4001,401,0.0,7.92
4002,401,0.5,7.36
4003,401,1.0,7.36
4004,401,1.5,8.47
4005,401,2.0,7.52
4006,401,2.5,7.0
4007,401,3.0,6.93
4008,401,3.5,8.14
4009,401,4.0,6.51
4010,401,4.5,7.41
4011,402,0.0,8.63
4012,402,0.5,7.93
4013,402,1.0,7.36
4014,402,1.5,7.41
4015,402,2.0,7.7
4016,402,2.5,8.34
4017,402,3.0,7.41
4018,402,3.5,8.19
4019,402,4.0,8.04
4020,402,4.5,7.97
4021,403,0.0,7.67
4022,403,0.5,8.4
4023,403,1.0,8.58
4024,403,1.5,6.94
4025,403,2.0,7.4
4026,403,2.5,8.17
4027,403,3.0,7.25
4028,403,3.5,7.63
4029,403,4.0,7.79
4030,403,4.5,7.41
4031,404,0.0,8.52
4032,404,0.5,7.48
4033,404,1.0,7.52
4034,404,1.5,7.57
4035,404,2.0,7.51
4036,404,2.5,6.9
4037,404,3.0,6.92
4038,404,3.5,7.32
4039,404,4.0,7.11
4040,404,4.5,7.34
4041,405,0.0,8.88
4042,405,0.5,6.96
4043,405,1.0,7.86
4044,405,1.5,7.14
4045,405,2.0,7.75
4046,405,2.5,8.01
4047,405,3.0,7.35
4048,405,3.5,6.43
4049,405,4.0,6.84
4050,405,4.5,7.01
4051,406,0.0,7.36
4052,406,0.5,7.92
4053,406,1.0,8.43
4054,406,1.5,8.55
4055,406,2.0,6.94
4056,406,2.5,7.95
4057,406,3.0,7.44
4058,406,3.5,7.75
4059,406,4.0,7.45
4060,406,4.5,6.7
4061,407,0.0,7.72
4062,407,0.5,7.22
4063,407,1.0,8.36
4064,407,1.5,8.38
4065,407,2.0,8.15
4066,407,2.5,6.83
4067,407,3.0,7.53
4068,407,3.5,7.52
4069,407,4.0,6.55
4070,407,4.5,6.62
4071,408,0.0,7.83
4072,408,0.5,7.97
4073,408,1.0,7.66
4074,408,1.5,7.12
4075,408,2.0,8.54
4076,408,2.5,7.99
4077,408,3.0,7.44
4078,408,3.5,7.32
4079,408,4.0,7.83
4080,408,4.5,7.49
4081,409,0.0,7.75
4082,409,0.5,6.94
4083,409,1.0,7.51
4084,409,1.5,7.95
4085,409,2.0,6.62
4086,409,2.5,7.92
4087,409,3.0,6.48
4088,409,3.5,6.99
4089,409,4.0,8.19
4090,409,4.5,7.92
4091,410,0.0,7.8
4092,410,0.5,6.93
4093,410,1.0,6.82
4094,410,1.5,7.91
4095,410,2.0,8.21
4096,410,2.5,8.42
4097,410,3.0,6.41
4098,410,3.5,8.2
4099,410,4.0,7.28
4100,410,4.5,6.16
4101,411,0.0,7.17
4102,411,0.5,8.7
4103,411,1.0,8.76
4104,411,1.5,8.66
4105,411,2.0,8.07
4106,411,2.5,7.63
4107,411,3.0,7.06
4108,411,3.5,7.11
4109,411,4.0,7.82
4110,411,4.5,7.67
4111,412,0.0,8.41
4112,412,0.5,7.42
4113,412,1.0,8.19
4114,412,1.5,7.16
4115,412,2.0,7.09
4116,412,2.5,7.98
4117,412,3.0,7.95
4118,412,3.5,7.87
4119,412,4.0,7.11
4120,412,4.5,6.82
4121,413,0.0,7.48
4122,413,0.5,8.18
4123,413,1.0,8.03
4124,413,1.5,8.03
4125,413,2.0,7.15
4126,413,2.5,8.46
4127,413,3.0,7.68
4128,413,3.5,7.5
4129,413,4.0,7.42
4130,413,4.5,6.35
4131,414,0.0,7.17
4132,414,0.5,7.73
4133,414,1.0,7.25
4134,414,1.5,6.93
4135,414,2.0,8.32
4136,414,2.5,8.3
4137,414,3.0,6.78
4138,414,3.5,6.84
4139,414,4.0,7.41
4140,414,4.5,6.38
4141,415,0.0,8.33
4142,415,0.5,7.24
4143,415,1.0,8.45
4144,415,1.5,6.75
4145,415,2.0,7.33
4146,415,2.5,7.02
4147,415,3.0,7.45
4148,415,3.5,7.23
4149,415,4.0,7.05
4150,415,4.5,8.02
4151,416,0.0,8.93
4152,416,0.5,8.37
4153,416,1.0,8.15
4154,416,1.5,7.94
4155,416,2.0,7.7
4156,416,2.5,8.46
4157,416,3.0,8.31
4158,416,3.5,7.15
4159,416,4.0,7.94
4160,416,4.5,7.95
4161,417,0.0,7.99
4162,417,0.5,8.53
4163,417,1.0,8.02
4164,417,1.5,7.54
4165,417,2.0,7.27
4166,417,2.5,6.66
4167,417,3.0,7.51
4168,417,3.5,7.52
4169,417,4.0,6.21
4170,417,4.5,7.34
4171,418,0.0,7.72
4172,418,0.5,8.71
4173,418,1.0,8.62
4174,418,1.5,8.28
4175,418,2.0,7.91
4176,418,2.5,7.26
4177,418,3.0,8.17
4178,418,3.5,8.09
4179,418,4.0,7.35
4180,418,4.5,6.45
4181,419,0.0,8.58
4182,419,0.5,7.28
4183,419,1.0,7.25
4184,419,1.5,7.79
4185,419,2.0,7.28
4186,419,2.5,7.5
4187,419,3.0,7.77
4188,419,3.5,6.66
4189,419,4.0,6.85
4190,419,4.5,7.15
4191,420,0.0,7.91
4192,420,0.5,8.53
4193,420,1.0,7.47
4194,420,1.5,7.19
4195,420,2.0,7.87
4196,420,2.5,7.3
4197,420,3.0,7.92
4198,420,3.5,7.76
4199,420,4.0,7.65
4200,420,4.5,7.58
4201,421,0.0,8.95
4202,421,0.5,8.61
4203,421,1.0,7.84
4204,421,1.5,8.02
4205,421,2.0,7.08
4206,421,2.5,6.83
4207,421,3.0,8.11
4208,421,3.5,6.87
4209,421,4.0,6.85
4210,421,4.5,7.02
4211,422,0.0,8.31
4212,422,0.5,7.42
4213,422,1.0,8.06
4214,422,1.5,7.83
4215,422,2.0,7.07
4216,422,2.5,7.05
4217,422,3.0,7.61
4218,422,3.5,6.68
4219,422,4.0,7.01
4220,422,4.5,7.35
4221,423,0.0,7.06
4222,423,0.5,8.36
4223,423,1.0,7.28
4224,423,1.5,7.46
4225,423,2.0,7.41
4226,423,2.5,6.56
4227,423,3.0,7.99
4228,423,3.5,6.93
4229,423,4.0,7.54
4230,423,4.5,7.36
4231,424,0.0,7.14
4232,424,0.5,7.07
4233,424,1.0,7.29
4234,424,1.5,7.83
4235,424,2.0,7.07
4236,424,2.5,6.66
4237,424,3.0,7.91
4238,424,3.5,7.22
4239,424,4.0,7.9
4240,424,4.5,6.61
4241,425,0.0,7.68
4242,425,0.5,8.05
4243,425,1.0,8.8
4244,425,1.5,7.33
4245,425,2.0,6.93
4246,425,2.5,6.93
4247,425,3.0,6.87
4248,425,3.5,6.93
4249,425,4.0,7.89
4250,425,4.5,6.96
4251,426,0.0,8.06
4252,426,0.5,8.31
4253,426,1.0,7.38
4254,426,1.5,7.63
4255,426,2.0,7.78
4256,426,2.5,6.73
4257,426,3.0,6.68
4258,426,3.5,6.5
4259,426,4.0,6.61
4260,426,4.5,6.28
4261,427,0.0,8.09
4262,427,0.5,8.89
4263,427,1.0,8.09
4264,427,1.5,8.48
4265,427,2.0,6.7
4266,427,2.5,6.51
4267,427,3.0,6.76
4268,427,3.5,6.59
4269,427,4.0,7.0
4270,427,4.5,7.69
4271,428,0.0,8.37
4272,428,0.5,8.41
4273,428,1.0,7.51
4274,428,1.5,8.16
4275,428,2.0,7.0
4276,428,2.5,8.34
4277,428,3.0,6.97
4278,428,3.5,7.12
4279,428,4.0,6.44
4280,428,4.5,7.91
4281,429,0.0,7.0
4282,429,0.5,7.25
4283,429,1.0,8.24
4284,429,1.5,6.85
4285,429,2.0,7.06
4286,429,2.5,7.64
4287,429,3.0,7.58
4288,429,3.5,6.46
4289,429,4.0,8.09
4290,429,4.5,6.42
4291,430,0.0,8.2
4292,430,0.5,7.43
4293,430,1.0,7.67
4294,430,1.5,7.26
4295,430,2.0,8.26
4296,430,2.5,8.13
4297,430,3.0,8.29
4298,430,3.5,7.8
4299,430,4.0,7.34
4300,430,4.5,7.87
4301,431,0.0,7.58
4302,431,0.5,7.52
4303,431,1.0,7.05
4304,431,1.5,8.4
4305,431,2.0,7.25
4306,431,2.5,7.25
4307,431,3.0,8.04
4308,431,3.5,7.44
4309,431,4.0,6.31
4310,431,4.5,7.09
4311,432,0.0,8.48
4312,432,0.5,7.24
4313,432,1.0,8.71
4314,432,1.5,7.87
4315,432,2.0,7.03
4316,432,2.5,6.68
4317,432,3.0,8.38
4318,432,3.5,7.75
4319,432,4.0,6.36
4320,432,4.5,7.73
4321,433,0.0,7.79
4322,433,0.5,7.43
4323,433,1.0,7.24
4324,433,1.5,7.78
4325,433,2.0,8.23
4326,433,2.5,8.05
4327,433,3.0,8.18
4328,433,3.5,7.6
4329,433,4.0,7.6
4330,433,4.5,7.62
4331,434,0.0,8.04
4332,434,0.5,8.82
4333,434,1.0,8.46
4334,434,1.5,8.48
4335,434,2.0,6.82
4336,434,2.5,7.08
4337,434,3.0,7.63
4338,434,3.5,6.51
4339,434,4.0,7.24
4340,434,4.5,7.13
4341,435,0.0,8.65
4342,435,0.5,7.24
4343,435,1.0,6.9
4344,435,1.5,7.11
4345,435,2.0,8.1
4346,435,2.5,7.06
4347,435,3.0,6.89
4348,435,3.5,6.5
4349,435,4.0,6.96
4350,435,4.5,6.8
4351,436,0.0,8.54
4352,436,0.5,7.49
4353,436,1.0,7.78
4354,436,1.5,7.29
4355,436,2.0,6.82
4356,436,2.5,7.29
4357,436,3.0,7.33
4358,436,3.5,7.48
4359,436,4.0,6.42
4360,436,4.5,7.87
4361,437,0.0,8.76
4362,437,0.5,7.6
4363,437,1.0,6.83
4364,437,1.5,7.46
4365,437,2.0,8.25
4366,437,2.5,6.79
4367,437,3.0,7.78
4368,437,3.5,8.12
4369,437,4.0,6.73
4370,437,4.5,7.98
4371,438,0.0,7.66
4372,438,0.5,8.43
4373,438,1.0,7.83
4374,438,1.5,7.49
4375,438,2.0,7.81
4376,438,2.5,7.18
4377,438,3.0,8.33
4378,438,3.5,6.47
4379,438,4.0,7.57
4380,438,4.5,6.2
4381,439,0.0,8.67
4382,439,0.5,8.22
4383,439,1.0,7.27
4384,439,1.5,7.05
4385,439,2.0,7.29
4386,439,2.5,7.76
4387,439,3.0,8.1
4388,439,3.5,6.88
4389,439,4.0,7.25
4390,439,4.5,6.67
4391,440,0.0,8.59
4392,440,0.5,7.95
4393,440,1.0,8.73
4394,440,1.5,7.68
4395,440,2.0,6.85
4396,440,2.5,7.38
4397,440,3.0,8.23
4398,440,3.5,8.01
4399,440,4.0,6.31
4400,440,4.5,6.55
4401,441,0.0,7.94
4402,441,0.5,8.6
4403,441,1.0,6.84
4404,441,1.5,7.81
4405,441,2.0,7.81
4406,441,2.5,8.27
4407,441,3.0,8.04
4408,441,3.5,6.48
4409,441,4.0,7.53
4410,441,4.5,6.23
4411,442,0.0,8.81
4412,442,0.5,8.9
4413,442,1.0,8.36
4414,442,1.5,7.46
4415,442,2.0,7.26
4416,442,2.5,7.47
4417,442,3.0,6.89
4418,442,3.5,6.99
4419,442,4.0,7.8
4420,442,4.5,6.68
4421,443,0.0,8.08
4422,443,0.5,6.96
4423,443,1.0,6.9
4424,443,1.5,7.05
4425,443,2.0,8.16
4426,443,2.5,6.9
4427,443,3.0,8.27
4428,443,3.5,7.22
4429,443,4.0,6.4
4430,443,4.5,6.75
4431,444,0.0,8.08
4432,444,0.5,7.0
4433,444,1.0,8.43
4434,444,1.5,8.0
4435,444,2.0,7.96
4436,444,2.5,8.27
4437,444,3.0,8.2
4438,444,3.5,7.49
4439,444,4.0,7.96
4440,444,4.5,6.87
4441,445,0.0,7.67
4442,445,0.5,7.81
4443,445,1.0,8.66
4444,445,1.5,7.58
4445,445,2.0,7.53
4446,445,2.5,7.49
4447,445,3.0,7.11
4448,445,3.5,8.16
4449,445,4.0,6.47
4450,445,4.5,6.23
4451,446,0.0,7.63
4452,446,0.5,8.89
4453,446,1.0,6.82
4454,446,1.5,6.88
4455,446,2.0,6.79
4456,446,2.5,8.15
4457,446,3.0,8.28
4458,446,3.5,8.11
4459,446,4.0,7.45
4460,446,4.5,6.63
4461,447,0.0,7.95
4462,447,0.5,7.19
4463,447,1.0,7.97
4464,447,1.5,8.45
4465,447,2.0,8.03
4466,447,2.5,7.18
4467,447,3.0,7.38
4468,447,3.5,7.83
4469,447,4.0,7.56
4470,447,4.5,7.74
4471,448,0.0,8.2
4472,448,0.5,8.54
4473,448,1.0,7.89
4474,448,1.5,7.0
4475,448,2.0,7.26
4476,448,2.5,7.62
4477,448,3.0,6.73
4478,448,3.5,6.58
4479,448,4.0,7.62
4480,448,4.5,7.92
4481,449,0.0,8.01
4482,449,0.5,8.77
4483,449,1.0,7.62
4484,449,1.5,7.78
4485,449,2.0,7.98
4486,449,2.5,7.58
4487,449,3.0,8.39
4488,449,3.5,6.81
4489,449,4.0,7.46
4490,449,4.5,6.98
4491,450,0.0,7.54
4492,450,0.5,8.05
4493,450,1.0,8.53
4494,450,1.5,7.87
4495,450,2.0,8.59
4496,450,2.5,8.5
4497,450,3.0,7.47
4498,450,3.5,6.41
4499,450,4.0,7.43
4500,450,4.5,6.43
4501,451,0.0,7.34
4502,451,0.5,7.78
4503,451,1.0,8.67
4504,451,1.5,8.67
4505,451,2.0,7.94
4506,451,2.5,7.29
4507,451,3.0,8.32
4508,451,3.5,7.12
4509,451,4.0,6.7
4510,451,4.5,7.49
4511,452,0.0,8.74
4512,452,0.5,8.36
4513,452,1.0,8.03
4514,452,1.5,7.45
4515,452,2.0,6.8
4516,452,2.5,6.87
4517,452,3.0,7.81
4518,452,3.5,6.93
4519,452,4.0,8.09
4520,452,4.5,6.53
4521,453,0.0,8.81
4522,453,0.5,7.56
4523,453,1.0,7.78
4524,453,1.5,8.02
4525,453,2.0,7.95
4526,453,2.5,6.59
4527,453,3.0,7.23
4528,453,3.5,6.82
4529,453,4.0,6.22
4530,453,4.5,6.55
4531,454,0.0,7.69
4532,454,0.5,7.21
4533,454,1.0,8.01
4534,454,1.5,8.27
4535,454,2.0,7.1
4536,454,2.5,7.33
4537,454,3.0,7.73
4538,454,3.5,7.52
4539,454,4.0,7.24
4540,454,4.5,7.44
4541,455,0.0,8.21
4542,455,0.5,7.69
4543,455,1.0,8.35
4544,455,1.5,7.89
4545,455,2.0,8.05
4546,455,2.5,6.88
4547,455,3.0,8.25
4548,455,3.5,6.45
4549,455,4.0,7.66
4550,455,4.5,6.73
4551,456,0.0,7.41
4552,456,0.5,8.04
4553,456,1.0,6.81
4554,456,1.5,7.56
4555,456,2.0,7.45
4556,456,2.5,7.14
4557,456,3.0,7.83
4558,456,3.5,7.62
4559,456,4.0,7.17
4560,456,4.5,6.85
4561,457,0.0,8.32
4562,457,0.5,8.3
4563,457,1.0,7.75
4564,457,1.5,7.42
4565,457,2.0,6.69
4566,457,2.5,7.93
4567,457,3.0,7.45
4568,457,3.5,8.12
4569,457,4.0,7.51
4570,457,4.5,6.47
4571,458,0.0,7.49
4572,458,0.5,7.21
4573,458,1.0,7.36
4574,458,1.5,8.15
4575,458,2.0,7.62
4576,458,2.5,7.59
4577,458,3.0,7.47
4578,458,3.5,7.67
4579,458,4.0,6.2
4580,458,4.5,7.33
4581,459,0.0,7.13
4582,459,0.5,7.56
4583,459,1.0,8.31
4584,459,1.5,8.1
4585,459,2.0,6.93
4586,459,2.5,7.25
4587,459,3.0,7.11
4588,459,3.5,7.44
4589,459,4.0,6.98
4590,459,4.5,6.63
4591,460,0.0,7.07
4592,460,0.5,8.38
4593,460,1.0,8.37
4594,460,1.5,7.93
4595,460,2.0,6.69
4596,460,2.5,8.11
4597,460,3.0,7.42
4598,460,3.5,7.04
4599,460,4.0,6.78
4600,460,4.5,6.33
4601,461,0.0,8.46
4602,461,0.5,7.54
4603,461,1.0,8.06
4604,461,1.5,8.5
4605,461,2.0,8.48
4606,461,2.5,8.38
4607,461,3.0,7.33
4608,461,3.5,7.93
4609,461,4.0,6.33
4610,461,4.5,7.21
4611,462,0.0,8.0
4612,462,0.5,7.55
4613,462,1.0,6.98
4614,462,1.5,8.59
4615,462,2.0,7.64
4616,462,2.5,7.04
4617,462,3.0,7.66
4618,462,3.5,8.2
4619,462,4.0,7.06
4620,462,4.5,7.98
4621,463,0.0,7.38
4622,463,0.5,8.4
4623,463,1.0,7.17
4624,463,1.5,7.07
4625,463,2.0,7.78
4626,463,2.5,6.76
4627,463,3.0,7.2
4628,463,3.5,7.3
4629,463,4.0,6.59
4630,463,4.5,7.66
4631,464,0.0,7.79
4632,464,0.5,8.48
4633,464,1.0,8.43
4634,464,1.5,8.33
4635,464,2.0,6.73
4636,464,2.5,8.42
4637,464,3.0,8.17
4638,464,3.5,8.25
4639,464,4.0,6.36
4640,464,4.5,6.79
4641,465,0.0,8.8
4642,465,0.5,8.14
4643,465,1.0,8.32
4644,465,1.5,7.14
4645,465,2.0,7.43
4646,465,2.5,7.05
4647,465,3.0,6.57
4648,465,3.5,6.92
4649,465,4.0,8.16
4650,465,4.5,7.85
4651,466,0.0,7.38
4652,466,0.5,8.88
4653,466,1.0,7.07
4654,466,1.5,8.11
4655,466,2.0,8.36
4656,466,2.5,7.27
4657,466,3.0,6.44
4658,466,3.5,7.9
4659,466,4.0,7.66
4660,466,4.5,6.36
4661,467,0.0,7.69
4662,467,0.5,7.4
4663,467,1.0,8.32
4664,467,1.5,7.46
4665,467,2.0,8.43
4666,467,2.5,7.75
4667,467,3.0,7.9
4668,467,3.5,6.3
4669,467,4.0,7.8
4670,467,4.5,7.74
4671,468,0.0,7.17
4672,468,0.5,8.8
4673,468,1.0,8.35
4674,468,1.5,7.79
4675,468,2.0,7.12
4676,468,2.5,7.99
4677,468,3.0,8.09
4678,468,3.5,6.55
4679,468,4.0,6.5
4680,468,4.5,6.99
4681,469,0.0,7.84
4682,469,0.5,8.69
4683,469,1.0,8.45
4684,469,1.5,8.19
4685,469,2.0,7.31
4686,469,2.5,8.35
4687,469,3.0,7.91
4688,469,3.5,6.5
4689,469,4.0,7.11
4690,469,4.5,6.67
4691,470,0.0,8.88
4692,470,0.5,7.69
4693,470,1.0,7.83
4694,470,1.5,8.25
4695,470,2.0,7.21
4696,470,2.5,7.73
4697,470,3.0,7.84
4698,470,3.5,8.22
4699,470,4.0,6.33
4700,470,4.5,6.25
4701,471,0.0,7.33
4702,471,0.5,8.61
4703,471,1.0,8.09
4704,471,1.5,7.52
4705,471,2.0,8.05
4706,471,2.5,6.72
4707,471,3.0,6.94
4708,471,3.5,6.61
4709,471,4.0,7.99
4710,471,4.5,6.28
4711,472,0.0,7.13
4712,472,0.5,8.14
4713,472,1.0,6.88
4714,472,1.5,7.56
4715,472,2.0,7.39
4716,472,2.5,7.46
4717,472,3.0,7.82
4718,472,3.5,7.01
4719,472,4.0,7.59
4720,472,4.5,6.84
4721,473,0.0,8.43
4722,473,0.5,8.57
4723,473,1.0,7.19
4724,473,1.5,7.21
4725,473,2.0,8.25
4726,473,2.5,6.67
4727,473,3.0,7.5
4728,473,3.5,7.82
4729,473,4.0,7.56
4730,473,4.5,6.92
4731,474,0.0,8.79
4732,474,0.5,7.18
4733,474,1.0,7.27
4734,474,1.5,8.17
4735,474,2.0,7.89
4736,474,2.5,7.23
4737,474,3.0,8.34
4738,474,3.5,7.58
4739,474,4.0,7.45
4740,474,4.5,8.02
4741,475,0.0,7.71
4742,475,0.5,8.47
4743,475,1.0,7.76
4744,475,1.5,6.77
4745,475,2.0,7.63
4746,475,2.5,8.19
4747,475,3.0,6.92
4748,475,3.5,7.11
4749,475,4.0,7.71
4750,475,4.5,7.16
4751,476,0.0,7.95
4752,476,0.5,8.35
4753,476,1.0,8.19
4754,476,1.5,7.87
4755,476,2.0,8.12
4756,476,2.5,7.15
4757,476,3.0,6.96
4758,476,3.5,8.2
4759,476,4.0,7.17
4760,476,4.5,8.09
4761,477,0.0,7.98
4762,477,0.5,7.64
4763,477,1.0,7.57
4764,477,1.5,8.2
4765,477,2.0,6.71
4766,477,2.5,6.73
4767,477,3.0,7.61
4768,477,3.5,6.4
4769,477,4.0,6.29
4770,477,4.5,7.6
4771,478,0.0,8.81
4772,478,0.5,7.71
4773,478,1.0,8.15
4774,478,1.5,7.9
4775,478,2.0,7.15
4776,478,2.5,6.78
4777,478,3.0,7.75
4778,478,3.5,8.04
4779,478,4.0,6.59
4780,478,4.5,6.11
4781,479,0.0,7.25
4782,479,0.5,7.59
4783,479,1.0,8.19
4784,479,1.5,8.52
4785,479,2.0,7.78
4786,479,2.5,8.09
4787,479,3.0,6.94
4788,479,3.5,6.74
4789,479,4.0,8.18
4790,479,4.5,7.99
4791,480,0.0,8.84
4792,480,0.5,6.91
4793,480,1.0,7.64
4794,480,1.5,7.02
4795,480,2.0,8.54
4796,480,2.5,6.58
4797,480,3.0,6.56
4798,480,3.5,7.3
4799,480,4.0,6.89
4800,480,4.5,6.74
4801,481,0.0,7.38
4802,481,0.5,8.56
4803,481,1.0,8.55
4804,481,1.5,7.45
4805,481,2.0,8.28
4806,481,2.5,8.08
4807,481,3.0,6.69
4808,481,3.5,6.31
4809,481,4.0,8.13
4810,481,4.5,7.36
4811,482,0.0,8.57
4812,482,0.5,8.61
4813,482,1.0,8.21
4814,482,1.5,7.98
4815,482,2.0,8.6
4816,482,2.5,6.56
4817,482,3.0,6.77
4818,482,3.5,7.47
4819,482,4.0,7.06
4820,482,4.5,6.87
4821,483,0.0,7.41
4822,483,0.5,8.36
4823,483,1.0,7.31
4824,483,1.5,8.63
4825,483,2.0,7.81
4826,483,2.5,7.74
4827,483,3.0,6.8
4828,483,3.5,6.42
4829,483,4.0,7.37
4830,483,4.5,6.82
4831,484,0.0,8.0
4832,484,0.5,8.71
4833,484,1.0,7.3
4834,484,1.5,7.52
4835,484,2.0,7.0
4836,484,2.5,7.19
4837,484,3.0,6.86
4838,484,3.5,8.14
4839,484,4.0,7.17
4840,484,4.5,6.77
4841,485,0.0,8.88
4842,485,0.5,8.87
4843,485,1.0,7.66
4844,485,1.5,7.81
4845,485,2.0,8.03
4846,485,2.5,7.16
4847,485,3.0,7.21
4848,485,3.5,8.09
4849,485,4.0,6.27
4850,485,4.5,6.3
4851,486,0.0,8.49
4852,486,0.5,8.87
4853,486,1.0,7.64
4854,486,1.5,8.2
4855,486,2.0,7.33
4856,486,2.5,7.19
4857,486,3.0,6.7
4858,486,3.5,6.33
4859,486,4.0,7.52
4860,486,4.5,6.65
4861,487,0.0,8.62
4862,487,0.5,6.99
4863,487,1.0,7.42
4864,487,1.5,7.41
4865,487,2.0,7.2
4866,487,2.5,7.87
4867,487,3.0,7.29
4868,487,3.5,7.25
4869,487,4.0,6.54
4870,487,4.5,7.63
4871,488,0.0,8.33
4872,488,0.5,8.38
4873,488,1.0,7.18
4874,488,1.5,7.24
4875,488,2.0,7.82
4876,488,2.5,7.28
4877,488,3.0,6.56
4878,488,3.5,6.55
4879,488,4.0,7.45
4880,488,4.5,6.68
4881,489,0.0,8.44
4882,489,0.5,6.95
4883,489,1.0,8.24
4884,489,1.5,7.88
4885,489,2.0,8.3
4886,489,2.5,6.77
4887,489,3.0,7.82
4888,489,3.5,7.69
4889,489,4.0,6.83
4890,489,4.5,6.91
4891,490,0.0,8.03
4892,490,0.5,7.3
4893,490,1.0,7.21
4894,490,1.5,7.0
4895,490,2.0,6.72
4896,490,2.5,8.26
4897,490,3.0,7.01
4898,490,3.5,6.98
4899,490,4.0,6.37
4900,490,4.5,6.45
4901,491,0.0,7.2
4902,491,0.5,7.91
4903,491,1.0,7.07
4904,491,1.5,8.19
4905,491,2.0,7.21
4906,491,2.5,6.53
4907,491,3.0,6.66
4908,491,3.5,8.24
4909,491,4.0,7.38
4910,491,4.5,6.14
4911,492,0.0,8.66
4912,492,0.5,6.98
4913,492,1.0,7.02
4914,492,1.5,7.73
4915,492,2.0,7.73
4916,492,2.5,6.92
4917,492,3.0,8.39
4918,492,3.5,6.97
4919,492,4.0,7.97
4920,492,4.5,6.53
4921,493,0.0,8.29
4922,493,0.5,7.08
4923,493,1.0,6.87
4924,493,1.5,7.08
4925,493,2.0,8.03
4926,493,2.5,7.32
4927,493,3.0,6.74
4928,493,3.5,7.38
4929,493,4.0,7.97
4930,493,4.5,6.97
4931,494,0.0,7.27
4932,494,0.5,8.88
4933,494,1.0,7.64
4934,494,1.5,8.36
4935,494,2.0,6.83
4936,494,2.5,6.83
4937,494,3.0,7.22
4938,494,3.5,6.42
4939,494,4.0,6.99
4940,494,4.5,6.92
4941,495,0.0,7.58
4942,495,0.5,7.61
4943,495,1.0,7.41
4944,495,1.5,8.04
4945,495,2.0,7.88
4946,495,2.5,8.19
4947,495,3.0,6.67
4948,495,3.5,6.82
4949,495,4.0,7.22
4950,495,4.5,7.25
4951,496,0.0,8.2
4952,496,0.5,7.71
4953,496,1.0,6.84
4954,496,1.5,8.64
4955,496,2.0,7.69
4956,496,2.5,7.98
4957,496,3.0,6.6
4958,496,3.5,6.42
4959,496,4.0,6.56
4960,496,4.5,7.09
4961,497,0.0,8.96
4962,497,0.5,7.59
4963,497,1.0,7.43
4964,497,1.5,8.47
4965,497,2.0,8.34
4966,497,2.5,7.04
4967,497,3.0,7.11
4968,497,3.5,8.3
4969,497,4.0,6.42
4970,497,4.5,7.43
4971,498,0.0,7.3
4972,498,0.5,7.5
4973,498,1.0,8.24
4974,498,1.5,7.49
4975,498,2.0,6.82
4976,498,2.5,6.73
4977,498,3.0,7.35
4978,498,3.5,6.69
4979,498,4.0,7.23
4980,498,4.5,7.64
4981,499,0.0,8.64
4982,499,0.5,7.26
4983,499,1.0,7.69
4984,499,1.5,7.37
4985,499,2.0,8.23
4986,499,2.5,6.81
4987,499,3.0,7.38
4988,499,3.5,6.6
4989,499,4.0,7.4
4990,499,4.5,7.95
4991,500,0.0,8.31
4992,500,0.5,8.71
4993,500,1.0,8.48
4994,500,1.5,6.75
4995,500,2.0,7.18
4996,500,2.5,8.41
4997,500,3.0,7.93
4998,500,3.5,6.65
4999,500,4.0,7.7
5000,500,4.5,6.83
5001,501,0.0,7.44
5002,501,0.5,8.86
5003,501,1.0,7.58
5004,501,1.5,7.53
5005,501,2.0,7.59
5006,501,2.5,7.13
5007,501,3.0,8.15
5008,501,3.5,6.54
5009,501,4.0,6.53
5010,501,4.5,6.53
5011,502,0.0,7.59
5012,502,0.5,7.88
5013,502,1.0,8.11
5014,502,1.5,7.43
5015,502,2.0,7.4
5016,502,2.5,6.78
5017,502,3.0,7.09
5018,502,3.5,6.72
5019,502,4.0,8.12
5020,502,4.5,7.31
5021,503,0.0,7.35
5022,503,0.5,8.21
5023,503,1.0,8.11
5024,503,1.5,8.18
5025,503,2.0,7.52
5026,503,2.5,6.63
5027,503,3.0,6.84
5028,503,3.5,6.75
5029,503,4.0,6.78
5030,503,4.5,7.16
5031,504,0.0,8.76
5032,504,0.5,8.49
5033,504,1.0,8.25
5034,504,1.5,7.96
5035,504,2.0,6.76
5036,504,2.5,7.46
5037,504,3.0,7.58
5038,504,3.5,7.54
5039,504,4.0,6.64
5040,504,4.5,8.09
5041,505,0.0,7.26
5042,505,0.5,8.89
5043,505,1.0,7.58
5044,505,1.5,6.75
5045,505,2.0,8.59
5046,505,2.5,7.95
5047,505,3.0,7.07
5048,505,3.5,7.87
5049,505,4.0,7.75
5050,505,4.5,6.49
5051,506,0.0,8.07
5052,506,0.5,8.55
5053,506,1.0,8.05
5054,506,1.5,7.2
5055,506,2.0,6.73
5056,506,2.5,6.8
5057,506,3.0,7.28
5058,506,3.5,6.97
5059,506,4.0,6.36
5060,506,4.5,6.87
5061,507,0.0,7.44
5062,507,0.5,7.7
5063,507,1.0,7.99
5064,507,1.5,7.5
5065,507,2.0,7.09
5066,507,2.5,8.28
5067,507,3.0,6.78
5068,507,3.5,7.82
5069,507,4.0,8.02
5070,507,4.5,7.3
5071,508,0.0,8.4
5072,508,0.5,7.39
5073,508,1.0,8.47
5074,508,1.5,8.24
5075,508,2.0,7.39
5076,508,2.5,7.79
5077,508,3.0,7.06
5078,508,3.5,7.71
5079,508,4.0,6.73
5080,508,4.5,6.51
5081,509,0.0,8.64
5082,509,0.5,8.05
5083,509,1.0,7.72
5084,509,1.5,8.15
5085,509,2.0,7.64
5086,509,2.5,7.68
5087,509,3.0,7.86
5088,509,3.5,6.48
5089,509,4.0,6.4
5090,509,4.5,7.71
5091,510,0.0,7.22
5092,510,0.5,7.74
5093,510,1.0,7.8
5094,510,1.5,7.62
5095,510,2.0,7.74
5096,510,2.5,8.38
5097,510,3.0,7.87
5098,510,3.5,6.87
5099,510,4.0,7.39
5100,510,4.5,7.59
5101,511,0.0,7.19
5102,511,0.5,8.13
5103,511,1.0,8.73
5104,511,1.5,8.24
5105,511,2.0,7.74
5106,511,2.5,6.58
5107,511,3.0,7.76
5108,511,3.5,6.93
5109,511,4.0,8.03
5110,511,4.5,7.6
5111,512,0.0,8.67
5112,512,0.5,8.0
5113,512,1.0,8.04
5114,512,1.5,7.28
5115,512,2.0,8.27
5116,512,2.5,8.05
5117,512,3.0,6.45
5118,512,3.5,6.97
5119,512,4.0,8.06
5120,512,4.5,7.07
5121,513,0.0,7.15
5122,513,0.5,7.42
5123,513,1.0,6.88
5124,513,1.5,8.19
5125,513,2.0,6.63
5126,513,2.5,8.09
5127,513,3.0,7.35
5128,513,3.5,7.77
5129,513,4.0,6.48
5130,513,4.5,7.36
5131,514,0.0,8.55
5132,514,0.5,8.25
5133,514,1.0,7.59
5134,514,1.5,8.36
5135,514,2.0,6.86
5136,514,2.5,7.79
5137,514,3.0,7.28
5138,514,3.5,6.74
5139,514,4.0,8.11
5140,514,4.5,7.38
5141,515,0.0,8.92
5142,515,0.5,7.75
5143,515,1.0,7.98
5144,515,1.5,7.67
5145,515,2.0,7.4
5146,515,2.5,7.87
5147,515,3.0,6.99
5148,515,3.5,7.98
5149,515,4.0,7.4
5150,515,4.5,7.92
5151,516,0.0,8.3
5152,516,0.5,8.1
5153,516,1.0,7.92
5154,516,1.5,8.35
5155,516,2.0,7.64
5156,516,2.5,6.94
5157,516,3.0,6.64
5158,516,3.5,7.48
5159,516,4.0,6.33
5160,516,4.5,6.37
5161,517,0.0,8.06
5162,517,0.5,8.64
5163,517,1.0,7.51
5164,517,1.5,8.29
5165,517,2.0,6.91
5166,517,2.5,8.35
5167,517,3.0,8.37
5168,517,3.5,8.08
5169,517,4.0,6.36
5170,517,4.5,7.31
5171,518,0.0,8.07
5172,518,0.5,7.66
5173,518,1.0,6.94
5174,518,1.5,7.66
5175,518,2.0,7.67
5176,518,2.5,6.98
5177,518,3.0,7.65
5178,518,3.5,7.98
5179,518,4.0,7.89
5180,518,4.5,7.19
5181,519,0.0,8.53
5182,519,0.5,7.2
5183,519,1.0,6.92
5184,519,1.5,7.53
5185,519,2.0,6.64
5186,519,2.5,8.23
5187,519,3.0,6.79
5188,519,3.5,7.86
5189,519,4.0,7.0
5190,519,4.5,7.74
5191,520,0.0,7.68
5192,520,0.5,7.3
5193,520,1.0,7.84
5194,520,1.5,8.15
5195,520,2.0,8.11
5196,520,2.5,7.17
5197,520,3.0,6.48
5198,520,3.5,8.24
5199,520,4.0,6.77
5200,520,4.5,7.34
5201,521,0.0,7.86
5202,521,0.5,7.08
5203,521,1.0,8.0
5204,521,1.5,7.66
5205,521,2.0,7.25
5206,521,2.5,7.27
5207,521,3.0,8.35
5208,521,3.5,6.5
5209,521,4.0,7.83
5210,521,4.5,7.3
5211,522,0.0,7.7
5212,522,0.5,7.05
5213,522,1.0,7.51
5214,522,1.5,7.37
5215,522,2.0,8.36
5216,522,2.5,8.18
5217,522,3.0,7.11
5218,522,3.5,6.42
5219,522,4.0,8.02
5220,522,4.5,6.99
5221,523,0.0,7.08
5222,523,0.5,7.46
5223,523,1.0,7.7
5224,523,1.5,7.51
5225,523,2.0,8.4
5226,523,2.5,7.36
5227,523,3.0,7.1
5228,523,3.5,7.91
5229,523,4.0,6.55
5230,523,4.5,6.53
5231,524,0.0,7.12
5232,524,0.5,6.94
5233,524,1.0,7.82
5234,524,1.5,7.87
5235,524,2.0,7.84
5236,524,2.5,7.88
5237,524,3.0,7.17
5238,524,3.5,7.27
5239,524,4.0,8.09
5240,524,4.5,6.76
5241,525,0.0,7.01
5242,525,0.5,8.23
5243,525,1.0,7.17
5244,525,1.5,8.02
5245,525,2.0,7.31
5246,525,2.5,7.47
5247,525,3.0,6.93
5248,525,3.5,6.43
5249,525,4.0,7.26
5250,525,4.5,6.88
5251,526,0.0,8.16
5252,526,0.5,7.32
5253,526,1.0,7.17
5254,526,1.5,6.73
5255,526,2.0,7.3
5256,526,2.5,6.61
5257,526,3.0,7.94
5258,526,3.5,8.01
5259,526,4.0,7.61
5260,526,4.5,6.79
5261,527,0.0,7.39
5262,527,0.5,8.89
5263,527,1.0,8.71
5264,527,1.5,8.59
5265,527,2.0,7.52
5266,527,2.5,8.18
5267,527,3.0,6.75
5268,527,3.5,6.48
5269,527,4.0,7.11
5270,527,4.5,7.75
5271,528,0.0,7.32
5272,528,0.5,8.59
5273,528,1.0,7.87
5274,528,1.5,7.53
5275,528,2.0,8.24
5276,528,2.5,8.38
5277,528,3.0,6.57
5278,528,3.5,6.62
5279,528,4.0,7.98
5280,528,4.5,6.65
5281,529,0.0,7.74
5282,529,0.5,8.03
5283,529,1.0,7.36
5284,529,1.5,6.72
5285,529,2.0,7.09
5286,529,2.5,6.92
5287,529,3.0,8.23
5288,529,3.5,8.14
5289,529,4.0,7.71
5290,529,4.5,7.24
5291,530,0.0,7.41
5292,530,0.5,7.21
5293,530,1.0,8.35
5294,530,1.5,7.28
5295,530,2.0,8.08
5296,530,2.5,8.17
5297,530,3.0,7.33
5298,530,3.5,7.85
5299,530,4.0,8.03
5300,530,4.5,6.49
5301,531,0.0,7.28
5302,531,0.5,8.86
5303,531,1.0,8.23
5304,531,1.5,8.51
5305,531,2.0,8.46
5306,531,2.5,6.52
5307,531,3.0,6.93
5308,531,3.5,7.15
5309,531,4.0,6.81
5310,531,4.5,7.21
5311,532,0.0,8.32
5312,532,0.5,7.17
5313,532,1.0,8.63
5314,532,1.5,7.5
5315,532,2.0,7.81
5316,532,2.5,8.44
5317,532,3.0,7.49
5318,532,3.5,8.14
5319,532,4.0,7.46
5320,532,4.5,6.35
5321,533,0.0,8.8
5322,533,0.5,7.78
5323,533,1.0,7.81
5324,533,1.5,7.05
5325,533,2.0,7.78
5326,533,2.5,7.01
5327,533,3.0,7.44
5328,533,3.5,8.3
5329,533,4.0,6.23
5330,533,4.5,7.92
5331,534,0.0,7.74
5332,534,0.5,8.14
5333,534,1.0,8.68
5334,534,1.5,7.9
5335,534,2.0,8.39
5336,534,2.5,7.7
5337,534,3.0,6.73
5338,534,3.5,7.6
5339,534,4.0,6.93
5340,534,4.5,7.27
5341,535,0.0,7.97
5342,535,0.5,7.34
5343,535,1.0,8.61
5344,535,1.5,7.49
5345,535,2.0,8.41
5346,535,2.5,6.59
5347,535,3.0,7.68
5348,535,3.5,7.93
5349,535,4.0,6.54
5350,535,4.5,7.35
5351,536,0.0,8.96
5352,536,0.5,7.83
5353,536,1.0,7.38
5354,536,1.5,8.09
5355,536,2.0,8.39
5356,536,2.5,7.62
5357,536,3.0,7.06
5358,536,3.5,8.21
5359,536,4.0,7.72
5360,536,4.5,6.58
5361,537,0.0,8.88
5362,537,0.5,8.19
5363,537,1.0,7.88
5364,537,1.5,7.93
5365,537,2.0,7.77
5366,537,2.5,6.61
5367,537,3.0,7.08
5368,537,3.5,7.58
5369,537,4.0,8.17
5370,537,4.5,7.73
5371,538,0.0,7.49
5372,538,0.5,7.46
5373,538,1.0,8.0
5374,538,1.5,8.33
5375,538,2.0,6.86
5376,538,2.5,6.56
5377,538,3.0,7.13
5378,538,3.5,6.3
5379,538,4.0,7.0
5380,538,4.5,7.11
5381,539,0.0,7.68
5382,539,0.5,7.52
5383,539,1.0,6.95
5384,539,1.5,7.85
5385,539,2.0,8.26
5386,539,2.5,7.58
5387,539,3.0,7.37
5388,539,3.5,6.47
5389,539,4.0,7.43
5390,539,4.5,7.89
5391,540,0.0,7.66
5392,540,0.5,8.66
5393,540,1.0,8.7
5394,540,1.5,8.51
5395,540,2.0,8.49
5396,540,2.5,8.15
5397,540,3.0,6.88
5398,540,3.5,6.72
5399,540,4.0,7.41
5400,540,4.5,7.62
5401,541,0.0,7.18
5402,541,0.5,6.93
5403,541,1.0,7.97
5404,541,1.5,7.3
5405,541,2.0,7.39
5406,541,2.5,8.46
5407,541,3.0,7.08
5408,541,3.5,8.3
5409,541,4.0,7.05
5410,541,4.5,6.61
5411,542,0.0,7.11
5412,542,0.5,7.22
5413,542,1.0,7.63
5414,542,1.5,7.81
5415,542,2.0,6.74
5416,542,2.5,8.01
5417,542,3.0,6.49
5418,542,3.5,7.92
5419,542,4.0,7.95
5420,542,4.5,7.74
5421,543,0.0,8.99
5422,543,0.5,8.82
5423,543,1.0,8.74
5424,543,1.5,7.19
5425,543,2.0,8.08
5426,543,2.5,7.06
5427,543,3.0,7.76
5428,543,3.5,7.16
5429,543,4.0,6.68
5430,543,4.5,6.93
5431,544,0.0,7.72
5432,544,0.5,8.8
5433,544,1.0,6.82
5434,544,1.5,7.98
5435,544,2.0,7.59
5436,544,2.5,8.49
5437,544,3.0,6.56
5438,544,3.5,8.03
5439,544,4.0,6.67
5440,544,4.5,7.65
5441,545,0.0,7.49
5442,545,0.5,7.87
5443,545,1.0,7.25
5444,545,1.5,6.82
5445,545,2.0,7.6
5446,545,2.5,6.72
5447,545,3.0,7.75
5448,545,3.5,6.38
5449,545,4.0,7.26
5450,545,4.5,6.43
5451,546,0.0,7.59
5452,546,0.5,8.73
5453,546,1.0,6.8
5454,546,1.5,7.72
5455,546,2.0,7.39
5456,546,2.5,6.81
5457,546,3.0,8.39
5458,546,3.5,7.85
5459,546,4.0,6.27
5460,546,4.5,6.23
5461,547,0.0,7.26
5462,547,0.5,7.98
5463,547,1.0,7.7
5464,547,1.5,7.56
5465,547,2.0,8.06
5466,547,2.5,8.38
5467,547,3.0,7.53
5468,547,3.5,6.87
5469,547,4.0,7.9
5470,547,4.5,6.35
5471,548,0.0,8.48
5472,548,0.5,8.08
5473,548,1.0,8.05
5474,548,1.5,6.89
5475,548,2.0,7.18
5476,548,2.5,7.98
5477,548,3.0,6.52
5478,548,3.5,6.31
5479,548,4.0,7.24
5480,548,4.5,7.03
5481,549,0.0,8.4
5482,549,0.5,7.36
5483,549,1.0,8.72
5484,549,1.5,8.07
5485,549,2.0,7.18
5486,549,2.5,6.92
5487,549,3.0,7.27
5488,549,3.5,6.92
5489,549,4.0,6.85
5490,549,4.5,6.82
5491,550,0.0,7.36
5492,550,0.5,8.66
5493,550,1.0,8.53
5494,550,1.5,8.52
5495,550,2.0,8.19
5496,550,2.5,7.47
5497,550,3.0,6.6
5498,550,3.5,7.62
5499,550,4.0,7.2
5500,550,4.5,6.59
5501,551,0.0,8.31
5502,551,0.5,7.93
5503,551,1.0,8.08
5504,551,1.5,6.76
5505,551,2.0,6.75
5506,551,2.5,7.44
5507,551,3.0,6.4
5508,551,3.5,7.65
5509,551,4.0,6.65
5510,551,4.5,6.43
5511,552,0.0,8.28
5512,552,0.5,8.26
5513,552,1.0,8.63
5514,552,1.5,7.43
5515,552,2.0,7.13
5516,552,2.5,7.93
5517,552,3.0,6.66
5518,552,3.5,6.68
5519,552,4.0,7.65
5520,552,4.5,7.9
5521,553,0.0,8.73
5522,553,0.5,7.73
5523,553,1.0,8.0
5524,553,1.5,8.29
5525,553,2.0,7.13
5526,553,2.5,7.62
5527,553,3.0,7.56
5528,553,3.5,6.49
5529,553,4.0,7.83
5530,553,4.5,7.25
5531,554,0.0,7.07
5532,554,0.5,8.16
5533,554,1.0,8.58
5534,554,1.5,8.22
5535,554,2.0,7.78
5536,554,2.5,8.33
5537,554,3.0,6.99
5538,554,3.5,6.92
5539,554,4.0,7.46
5540,554,4.5,6.38
5541,555,0.0,7.46
5542,555,0.5,7.78
5543,555,1.0,7.61
5544,555,1.5,8.0
5545,555,2.0,8.24
5546,555,2.5,8.3
5547,555,3.0,8.2
5548,555,3.5,6.35
5549,555,4.0,8.12
5550,555,4.5,7.39
5551,556,0.0,7.79
5552,556,0.5,8.3
5553,556,1.0,7.72
5554,556,1.5,8.09
5555,556,2.0,8.36
5556,556,2.5,8.35
5557,556,3.0,8.27
5558,556,3.5,6.34
5559,556,4.0,7.28
5560,556,4.5,6.36
5561,557,0.0,7.01
5562,557,0.5,7.34
5563,557,1.0,7.32
5564,557,1.5,7.96
5565,557,2.0,8.52
5566,557,2.5,7.76
5567,557,3.0,8.27
5568,557,3.5,7.57
5569,557,4.0,7.67
5570,557,4.5,6.37
5571,558,0.0,8.71
5572,558,0.5,8.38
5573,558,1.0,7.22
5574,558,1.5,6.98
5575,558,2.0,7.49
5576,558,2.5,6.78
5577,558,3.0,7.83
5578,558,3.5,7.72
5579,558,4.0,6.29
5580,558,4.5,8.07
5581,559,0.0,7.11
5582,559,0.5,8.15
5583,559,1.0,8.29
5584,559,1.5,8.61
5585,559,2.0,8.32
5586,559,2.5,7.23
5587,559,3.0,6.54
5588,559,3.5,7.81
5589,559,4.0,7.84
5590,559,4.5,7.73
5591,560,0.0,8.1
5592,560,0.5,7.29
5593,560,1.0,8.02
5594,560,1.5,7.02
5595,560,2.0,7.54
5596,560,2.5,7.71
5597,560,3.0,7.19
5598,560,3.5,6.62
5599,560,4.0,6.92
5600,560,4.5,6.29
5601,561,0.0,7.52
5602,561,0.5,8.34
5603,561,1.0,7.01
5604,561,1.5,6.79
5605,561,2.0,7.61
5606,561,2.5,7.62
5607,561,3.0,6.43
5608,561,3.5,8.25
5609,561,4.0,6.84
5610,561,4.5,6.67
5611,562,0.0,8.32
5612,562,0.5,8.47
5613,562,1.0,7.07
5614,562,1.5,7.43
5615,562,2.0,8.2
5616,562,2.5,7.24
5617,562,3.0,8.04
5618,562,3.5,7.01
5619,562,4.0,6.48
5620,562,4.5,7.8
5621,563,0.0,7.18
5622,563,0.5,7.41
5623,563,1.0,7.55
5624,563,1.5,8.55
5625,563,2.0,8.12
5626,563,2.5,7.3
5627,563,3.0,7.98
5628,563,3.5,7.03
5629,563,4.0,6.52
5630,563,4.5,7.54
5631,564,0.0,8.8
5632,564,0.5,7.51
5633,564,1.0,8.47
5634,564,1.5,7.78
5635,564,2.0,7.68
5636,564,2.5,8.31
5637,564,3.0,6.7
5638,564,3.5,7.73
5639,564,4.0,7.72
5640,564,4.5,7.13
5641,565,0.0,7.95
5642,565,0.5,8.58
5643,565,1.0,8.26
5644,565,1.5,8.19
5645,565,2.0,7.88
5646,565,2.5,7.06
5647,565,3.0,8.22
5648,565,3.5,6.42
5649,565,4.0,8.13
5650,565,4.5,6.69
5651,566,0.0,8.29
5652,566,0.5,8.7
5653,566,1.0,8.11
5654,566,1.5,8.12
5655,566,2.0,7.74
5656,566,2.5,6.75
5657,566,3.0,7.02
5658,566,3.5,6.96
5659,566,4.0,6.47
5660,566,4.5,6.99
5661,567,0.0,8.72
5662,567,0.5,8.39
5663,567,1.0,7.02
5664,567,1.5,8.18
5665,567,2.0,7.07
5666,567,2.5,8.48
5667,567,3.0,6.53
5668,567,3.5,6.77
5669,567,4.0,6.41
5670,567,4.5,6.11
5671,568,0.0,8.63
5672,568,0.5,7.9
5673,568,1.0,8.43
5674,568,1.5,8.5
5675,568,2.0,7.87
5676,568,2.5,8.04
5677,568,3.0,7.77
5678,568,3.5,6.82
5679,568,4.0,7.79
5680,568,4.5,7.6
5681,569,0.0,7.82
5682,569,0.5,8.8
5683,569,1.0,7.45
5684,569,1.5,7.0
5685,569,2.0,7.91
5686,569,2.5,7.82
5687,569,3.0,7.18
5688,569,3.5,7.37
5689,569,4.0,7.55
5690,569,4.5,6.41
5691,570,0.0,7.9
5692,570,0.5,7.71
5693,570,1.0,8.47
5694,570,1.5,8.26
5695,570,2.0,7.36
5696,570,2.5,7.63
5697,570,3.0,8.14
5698,570,3.5,7.0
5699,570,4.0,6.85
5700,570,4.5,7.93
5701,571,0.0,7.17
5702,571,0.5,8.52
5703,571,1.0,6.87
5704,571,1.5,7.32
5705,571,2.0,8.22
5706,571,2.5,7.94
5707,571,3.0,7.99
5708,571,3.5,6.71
5709,571,4.0,6.72
5710,571,4.5,6.77
5711,572,0.0,8.56
5712,572,0.5,7.07
5713,572,1.0,6.87
5714,572,1.5,6.73
5715,572,2.0,7.16
5716,572,2.5,7.86
5717,572,3.0,8.03
5718,572,3.5,8.21
5719,572,4.0,7.71
5720,572,4.5,7.26
5721,573,0.0,8.26
5722,573,0.5,6.92
5723,573,1.0,8.16
5724,573,1.5,7.04
5725,573,2.0,8.17
5726,573,2.5,8.29
5727,573,3.0,7.47
5728,573,3.5,7.92
5729,573,4.0,6.48
5730,573,4.5,6.31
5731,574,0.0,7.86
5732,574,0.5,8.85
5733,574,1.0,7.59
5734,574,1.5,6.8
5735,574,2.0,8.04
5736,574,2.5,8.34
5737,574,3.0,6.73
5738,574,3.5,7.93
5739,574,4.0,6.5
5740,574,4.5,6.64
5741,575,0.0,8.25
5742,575,0.5,7.39
5743,575,1.0,7.28
5744,575,1.5,8.25
5745,575,2.0,6.9
5746,575,2.5,7.23
5747,575,3.0,6.46
5748,575,3.5,6.79
5749,575,4.0,7.67
5750,575,4.5,7.38
5751,576,0.0,8.13
5752,576,0.5,7.2
5753,576,1.0,7.19
5754,576,1.5,8.48
5755,576,2.0,7.1
5756,576,2.5,8.1
5757,576,3.0,8.01
5758,576,3.5,7.67
5759,576,4.0,7.8
5760,576,4.5,6.35
5761,577,0.0,7.76
5762,577,0.5,8.61
5763,577,1.0,8.01
5764,577,1.5,8.69
5765,577,2.0,8.17
5766,577,2.5,6.85
5767,577,3.0,7.55
5768,577,3.5,8.17
5769,577,4.0,7.33
5770,577,4.5,7.51
5771,578,0.0,8.68
5772,578,0.5,8.74
5773,578,1.0,8.56
5774,578,1.5,7.58
5775,578,2.0,6.66
5776,578,2.5,7.33
5777,578,3.0,7.56
5778,578,3.5,6.33
5779,578,4.0,7.38
5780,578,4.5,6.85
5781,579,0.0,8.41
5782,579,0.5,8.48
5783,579,1.0,7.57
5784,579,1.5,7.71
5785,579,2.0,8.04
5786,579,2.5,6.53
5787,579,3.0,8.31
5788,579,3.5,7.04
5789,579,4.0,8.01
5790,579,4.5,6.99
5791,580,0.0,7.35
5792,580,0.5,7.54
5793,580,1.0,7.32
5794,580,1.5,7.05
5795,580,2.0,7.89
5796,580,2.5,8.15
5797,580,3.0,7.42
5798,580,3.5,6.65
5799,580,4.0,7.13
5800,580,4.5,7.34
5801,581,0.0,8.24
5802,581,0.5,7.54
5803,581,1.0,8.32
5804,581,1.5,7.76
5805,581,2.0,8.05
5806,581,2.5,6.59
5807,581,3.0,6.68
5808,581,3.5,7.15
5809,581,4.0,7.56
5810,581,4.5,7.86
5811,582,0.0,8.69
5812,582,0.5,7.3
5813,582,1.0,8.52
5814,582,1.5,8.38
5815,582,2.0,7.64
5816,582,2.5,7.01
5817,582,3.0,8.27
5818,582,3.5,7.61
5819,582,4.0,7.18
5820,582,4.5,6.39
5821,583,0.0,8.52
5822,583,0.5,8.74
5823,583,1.0,8.29
5824,583,1.5,7.36
5825,583,2.0,7.17
5826,583,2.5,6.62
5827,583,3.0,7.42
5828,583,3.5,8.19
5829,583,4.0,7.24
5830,583,4.5,6.78
5831,584,0.0,8.2
5832,584,0.5,8.2
5833,584,1.0,7.29
5834,584,1.5,7.82
5835,584,2.0,8.58
5836,584,2.5,8.4
5837,584,3.0,7.09
5838,584,3.5,7.29
5839,584,4.0,7.05
5840,584,4.5,6.92
5841,585,0.0,8.99
5842,585,0.5,7.58
5843,585,1.0,8.56
5844,585,1.5,7.6
5845,585,2.0,7.17
5846,585,2.5,8.46
5847,585,3.0,8.23
5848,585,3.5,7.13
5849,585,4.0,7.05
5850,585,4.5,7.03
5851,586,0.0,7.72
5852,586,0.5,8.09
5853,586,1.0,8.41
5854,586,1.5,6.94
5855,586,2.0,7.43
5856,586,2.5,7.48
5857,586,3.0,6.85
5858,586,3.5,7.79
5859,586,4.0,6.22
5860,586,4.5,6.28
5861,587,0.0,8.29
5862,587,0.5,6.95
5863,587,1.0,7.12
5864,587,1.5,7.78
5865,587,2.0,7.21
5866,587,2.5,7.32
5867,587,3.0,6.87
5868,587,3.5,6.52
5869,587,4.0,6.92
5870,587,4.5,7.42
5871,588,0.0,7.6
5872,588,0.5,8.75
5873,588,1.0,7.28
5874,588,1.5,7.51
5875,588,2.0,7.56
5876,588,2.5,6.93
5877,588,3.0,6.48
5878,588,3.5,6.66
5879,588,4.0,6.81
5880,588,4.5,7.68
5881,589,0.0,8.84
5882,589,0.5,8.19
5883,589,1.0,8.68
5884,589,1.5,7.2
5885,589,2.0,7.21
5886,589,2.5,7.21
5887,589,3.0,7.89
5888,589,3.5,7.87
5889,589,4.0,7.25
5890,589,4.5,6.64
5891,590,0.0,7.04
5892,590,0.5,7.65
5893,590,1.0,7.19
5894,590,1.5,8.41
5895,590,2.0,8.41
5896,590,2.5,7.31
5897,590,3.0,7.62
5898,590,3.5,6.48
5899,590,4.0,7.8
5900,590,4.5,6.97
5901,591,0.0,8.73
5902,591,0.5,7.7
5903,591,1.0,7.12
5904,591,1.5,6.83
5905,591,2.0,6.65
5906,591,2.5,8.42
5907,591,3.0,7.55
5908,591,3.5,7.25
5909,591,4.0,6.76
5910,591,4.5,6.91
5911,592,0.0,7.15
5912,592,0.5,8.84
5913,592,1.0,6.93
5914,592,1.5,7.99
5915,592,2.0,8.03
5916,592,2.5,6.65
5917,592,3.0,7.51
5918,592,3.5,8.16
5919,592,4.0,7.28
5920,592,4.5,6.71
5921,593,0.0,7.24
5922,593,0.5,8.27
5923,593,1.0,8.1
5924,593,1.5,7.83
5925,593,2.0,8.44
5926,593,2.5,7.3
5927,593,3.0,8.15
5928,593,3.5,7.58
5929,593,4.0,7.66
5930,593,4.5,6.58
5931,594,0.0,7.13
5932,594,0.5,8.28
5933,594,1.0,7.66
5934,594,1.5,8.28
5935,594,2.0,7.1
5936,594,2.5,7.37
5937,594,3.0,7.06
5938,594,3.5,7.94
5939,594,4.0,6.49
5940,594,4.5,6.16
5941,595,0.0,8.79
5942,595,0.5,7.5
5943,595,1.0,8.44
5944,595,1.5,7.59
5945,595,2.0,7.74
5946,595,2.5,7.72
5947,595,3.0,7.1
5948,595,3.5,7.73
5949,595,4.0,7.75
5950,595,4.5,6.23
5951,596,0.0,7.72
5952,596,0.5,6.96
5953,596,1.0,8.02
5954,596,1.5,7.06
5955,596,2.0,7.32
5956,596,2.5,8.07
5957,596,3.0,7.81
5958,596,3.5,7.49
5959,596,4.0,8.17
5960,596,4.5,6.48
5961,597,0.0,7.02
5962,597,0.5,8.81
5963,597,1.0,7.5
5964,597,1.5,8.18
5965,597,2.0,8.34
5966,597,2.5,8.35
5967,597,3.0,7.77
5968,597,3.5,8.12
5969,597,4.0,6.24
5970,597,4.5,8.03
5971,598,0.0,7.72
5972,598,0.5,8.21
5973,598,1.0,8.68
5974,598,1.5,7.01
5975,598,2.0,7.9
5976,598,2.5,7.66
5977,598,3.0,7.95
5978,598,3.5,7.99
5979,598,4.0,6.7
5980,598,4.5,7.28
5981,599,0.0,7.02
5982,599,0.5,8.23
5983,599,1.0,8.17
5984,599,1.5,8.65
5985,599,2.0,6.74
5986,599,2.5,8.18
5987,599,3.0,6.45
5988,599,3.5,7.85
5989,599,4.0,8.19
5990,599,4.5,6.39
5991,600,0.0,7.2
5992,600,0.5,8.54
5993,600,1.0,7.79
5994,600,1.5,7.69
5995,600,2.0,6.68
5996,600,2.5,7.28
5997,600,3.0,7.83
5998,600,3.5,7.43
5999,600,4.0,6.97
6000,600,4.5,7.86
6001,601,0.0,8.84
6002,601,0.5,8.55
6003,601,1.0,7.95
6004,601,1.5,8.13
6005,601,2.0,8.29
6006,601,2.5,7.09
6007,601,3.0,8.32
6008,601,3.5,6.9
6009,601,4.0,7.19
6010,601,4.5,6.5
6011,602,0.0,8.15
6012,602,0.5,8.02
6013,602,1.0,7.52
6014,602,1.5,8.45
6015,602,2.0,8.2
6016,602,2.5,7.6
6017,602,3.0,6.86
6018,602,3.5,7.74
6019,602,4.0,6.32
6020,602,4.5,6.32
6021,603,0.0,8.35
6022,603,0.5,7.66
6023,603,1.0,7.23
6024,603,1.5,7.6
6025,603,2.0,8.5
6026,603,2.5,8.16
6027,603,3.0,7.97
6028,603,3.5,6.86
6029,603,4.0,6.76
6030,603,4.5,8.0
6031,604,0.0,8.55
6032,604,0.5,7.52
6033,604,1.0,8.56
6034,604,1.5,7.86
6035,604,2.0,6.84
6036,604,2.5,6.68
6037,604,3.0,8.15
6038,604,3.5,7.48
6039,604,4.0,6.3
6040,604,4.5,6.52
6041,605,0.0,8.49
6042,605,0.5,8.23
6043,605,1.0,8.07
6044,605,1.5,7.8
6045,605,2.0,7.62
6046,605,2.5,6.55
6047,605,3.0,7.27
6048,605,3.5,6.82
6049,605,4.0,7.83
6050,605,4.5,6.38
6051,606,0.0,7.66
6052,606,0.5,8.6
6053,606,1.0,7.61
6054,606,1.5,8.43
6055,606,2.0,7.77
6056,606,2.5,8.45
6057,606,3.0,8.24
6058,606,3.5,7.5
6059,606,4.0,8.19
6060,606,4.5,7.58
6061,607,0.0,7.81
6062,607,0.5,8.8
6063,607,1.0,7.03
6064,607,1.5,6.82
6065,607,2.0,7.63
6066,607,2.5,8.4
6067,607,3.0,6.44
6068,607,3.5,7.09
6069,607,4.0,7.42
6070,607,4.5,6.88
6071,608,0.0,8.36
6072,608,0.5,8.08
6073,608,1.0,7.94
6074,608,1.5,7.72
6075,608,2.0,7.13
6076,608,2.5,6.65
6077,608,3.0,7.89
6078,608,3.5,6.46
6079,608,4.0,7.5
6080,608,4.5,8.07
6081,609,0.0,8.31
6082,609,0.5,7.56
6083,609,1.0,8.11
6084,609,1.5,7.93
6085,609,2.0,8.2
6086,609,2.5,6.71
6087,609,3.0,7.05
6088,609,3.5,7.45
6089,609,4.0,6.77
6090,609,4.5,6.12
6091,610,0.0,7.03
6092,610,0.5,7.21
6093,610,1.0,6.91
6094,610,1.5,7.23
6095,610,2.0,7.79
6096,610,2.5,8.29
6097,610,3.0,8.34
6098,610,3.5,8.07
6099,610,4.0,6.73
6100,610,4.5,7.94
6101,611,0.0,7.12
6102,611,0.5,8.3
6103,611,1.0,7.8
6104,611,1.5,7.07
6105,611,2.0,7.57
6106,611,2.5,7.82
6107,611,3.0,7.06
6108,611,3.5,6.56
6109,611,4.0,8.05
6110,611,4.5,6.84
6111,612,0.0,8.34
6112,612,0.5,7.56
6113,612,1.0,7.09
6114,612,1.5,6.84
6115,612,2.0,7.95
6116,612,2.5,7.6
6117,612,3.0,6.43
6118,612,3.5,6.88
6119,612,4.0,7.08
6120,612,4.5,7.64
6121,613,0.0,8.03
6122,613,0.5,8.29
6123,613,1.0,8.4
6124,613,1.5,6.95
6125,613,2.0,7.11
6126,613,2.5,6.94
6127,613,3.0,7.86
6128,613,3.5,6.41
6129,613,4.0,7.18
6130,613,4.5,7.07
6131,614,0.0,9.0
6132,614,0.5,7.38
6133,614,1.0,7.32
6134,614,1.5,8.32
6135,614,2.0,7.15
6136,614,2.5,7.21
6137,614,3.0,7.36
6138,614,3.5,6.67
6139,614,4.0,6.88
6140,614,4.5,7.57
6141,615,0.0,8.39
6142,615,0.5,7.78
6143,615,1.0,6.87
6144,615,1.5,8.17
6145,615,2.0,6.76
6146,615,2.5,7.02
6147,615,3.0,7.56
6148,615,3.5,6.66
6149,615,4.0,7.39
6150,615,4.5,7.12
6151,616,0.0,7.1
6152,616,0.5,8.7
6153,616,1.0,6.92
6154,616,1.5,8.35
6155,616,2.0,6.87
6156,616,2.5,8.08
6157,616,3.0,6.94
6158,616,3.5,6.46
6159,616,4.0,7.54
6160,616,4.5,7.07
6161,617,0.0,8.52
6162,617,0.5,7.27
6163,617,1.0,7.45
6164,617,1.5,6.86
6165,617,2.0,7.5
6166,617,2.5,8.35
6167,617,3.0,7.17
6168,617,3.5,7.13
6169,617,4.0,7.4
6170,617,4.5,6.77
6171,618,0.0,8.54
6172,618,0.5,7.48
6173,618,1.0,8.39
6174,618,1.5,7.57
6175,618,2.0,8.33
6176,618,2.5,7.68
6177,618,3.0,6.52
6178,618,3.5,6.67
6179,618,4.0,6.78
6180,618,4.5,7.66
6181,619,0.0,8.17
6182,619,0.5,8.49
6183,619,1.0,8.07
6184,619,1.5,7.73
6185,619,2.0,7.14
6186,619,2.5,8.04
6187,619,3.0,6.71
6188,619,3.5,7.78
6189,619,4.0,8.01
6190,619,4.5,7.66
6191,620,0.0,7.57
6192,620,0.5,7.49
6193,620,1.0,8.4
6194,620,1.5,8.1
6195,620,2.0,7.96
6196,620,2.5,6.55
6197,620,3.0,7.34
6198,620,3.5,6.93
6199,620,4.0,7.01
6200,620,4.5,6.97
6201,621,0.0,7.74
6202,621,0.5,8.47
6203,621,1.0,7.52
6204,621,1.5,8.19
6205,621,2.0,7.79
6206,621,2.5,7.16
6207,621,3.0,7.78
6208,621,3.5,7.06
6209,621,4.0,7.01
6210,621,4.5,6.86
6211,622,0.0,8.06
6212,622,0.5,7.85
6213,622,1.0,7.2
6214,622,1.5,8.34
6215,622,2.0,8.08
6216,622,2.5,8.06
6217,622,3.0,7.98
6218,622,3.5,7.37
6219,622,4.0,6.73
6220,622,4.5,6.98
6221,623,0.0,8.24
6222,623,0.5,8.87
6223,623,1.0,7.75
6224,623,1.5,7.91
6225,623,2.0,7.24
6226,623,2.5,7.33
6227,623,3.0,6.76
6228,623,3.5,7.57
6229,623,4.0,7.5
6230,623,4.5,7.93
6231,624,0.0,7.38
6232,624,0.5,8.9
6233,624,1.0,6.82
6234,624,1.5,8.55
6235,624,2.0,6.87
6236,624,2.5,6.68
6237,624,3.0,7.57
6238,624,3.5,7.11
6239,624,4.0,7.8
6240,624,4.5,8.0
6241,625,0.0,7.48
6242,625,0.5,7.65
6243,625,1.0,8.69
6244,625,1.5,8.17
6245,625,2.0,7.75
6246,625,2.5,8.42
6247,625,3.0,8.07
6248,625,3.5,7.24
6249,625,4.0,7.85
6250,625,4.5,6.19
6251,626,0.0,7.6
6252,626,0.5,8.77
6253,626,1.0,7.95
6254,626,1.5,8.46
6255,626,2.0,6.96
6256,626,2.5,8.33
6257,626,3.0,6.79
6258,626,3.5,7.92
6259,626,4.0,6.43
6260,626,4.5,6.74
6261,627,0.0,8.71
6262,627,0.5,8.77
6263,627,1.0,7.77
6264,627,1.5,8.61
6265,627,2.0,7.77
6266,627,2.5,7.44
6267,627,3.0,6.53
6268,627,3.5,6.61
6269,627,4.0,6.43
6270,627,4.5,7.09
6271,628,0.0,7.44
6272,628,0.5,7.0
6273,628,1.0,8.6
6274,628,1.5,6.81
6275,628,2.0,7.45
6276,628,2.5,8.31
6277,628,3.0,7.54
6278,628,3.5,7.38
6279,628,4.0,7.47
6280,628,4.5,6.83
6281,629,0.0,8.21
6282,629,0.5,8.09
6283,629,1.0,8.22
6284,629,1.5,8.01
6285,629,2.0,7.1
6286,629,2.5,7.75
6287,629,3.0,6.98
6288,629,3.5,7.35
6289,629,4.0,7.17
6290,629,4.5,7.37
6291,630,0.0,7.1
6292,630,0.5,7.85
6293,630,1.0,7.38
6294,630,1.5,7.8
6295,630,2.0,7.41
6296,630,2.5,6.83
6297,630,3.0,7.1
6298,630,3.5,8.25
6299,630,4.0,6.98
6300,630,4.5,6.19
6301,631,0.0,8.24
6302,631,0.5,7.42
6303,631,1.0,7.7
6304,631,1.5,7.09
6305,631,2.0,7.15
6306,631,2.5,7.88
6307,631,3.0,6.53
6308,631,3.5,7.15
6309,631,4.0,6.79
6310,631,4.5,7.46
6311,632,0.0,7.51
6312,632,0.5,6.94
6313,632,1.0,7.18
6314,632,1.5,6.82
6315,632,2.0,7.63
6316,632,2.5,7.37
6317,632,3.0,7.36
6318,632,3.5,7.35
6319,632,4.0,7.11
6320,632,4.5,6.57
6321,633,0.0,8.87
6322,633,0.5,7.04
6323,633,1.0,7.26
6324,633,1.5,7.99
6325,633,2.0,7.71
6326,633,2.5,6.52
6327,633,3.0,7.88
6328,633,3.5,6.58
6329,633,4.0,7.87
6330,633,4.5,7.63
6331,634,0.0,8.1
6332,634,0.5,8.14
6333,634,1.0,7.82
6334,634,1.5,7.0
6335,634,2.0,8.53
6336,634,2.5,7.8
6337,634,3.0,7.42
6338,634,3.5,6.94
6339,634,4.0,7.65
6340,634,4.5,8.0
6341,635,0.0,8.32
6342,635,0.5,7.55
6343,635,1.0,8.17
6344,635,1.5,8.6
6345,635,2.0,7.22
6346,635,2.5,7.45
6347,635,3.0,8.03
6348,635,3.5,6.73
6349,635,4.0,7.92
6350,635,4.5,6.8
6351,636,0.0,8.64
6352,636,0.5,7.43
6353,636,1.0,7.7
6354,636,1.5,8.31
6355,636,2.0,7.51
6356,636,2.5,8.09
6357,636,3.0,7.15
6358,636,3.5,7.46
6359,636,4.0,6.62
6360,636,4.5,6.19
6361,637,0.0,7.44
6362,637,0.5,8.05
6363,637,1.0,7.48
6364,637,1.5,8.36
6365,637,2.0,8.4
6366,637,2.5,6.53
6367,637,3.0,7.05
6368,637,3.5,8.09
6369,637,4.0,7.93
6370,637,4.5,6.15
6371,638,0.0,7.44
6372,638,0.5,8.64
6373,638,1.0,7.6
6374,638,1.5,7.98
6375,638,2.0,6.93
6376,638,2.5,6.74
6377,638,3.0,7.65
6378,638,3.5,7.71
6379,638,4.0,8.0
6380,638,4.5,7.49
6381,639,0.0,7.74
6382,639,0.5,7.52
6383,639,1.0,7.8
6384,639,1.5,7.28
6385,639,2.0,7.19
6386,639,2.5,7.18
6387,639,3.0,7.3
6388,639,3.5,6.41
6389,639,4.0,7.46
6390,639,4.5,7.88
6391,640,0.0,8.34
6392,640,0.5,8.41
6393,640,1.0,7.72
6394,640,1.5,8.04
6395,640,2.0,7.88
6396,640,2.5,7.52
6397,640,3.0,6.48
6398,640,3.5,7.14
6399,640,4.0,7.12
6400,640,4.5,6.61
6401,641,0.0,8.41
6402,641,0.5,8.27
6403,641,1.0,8.62
6404,641,1.5,6.73
6405,641,2.0,8.06
6406,641,2.5,6.89
6407,641,3.0,7.43
6408,641,3.5,8.19
6409,641,4.0,6.54
6410,641,4.5,6.57
6411,642,0.0,8.99
6412,642,0.5,7.0
6413,642,1.0,7.9
6414,642,1.5,7.75
6415,642,2.0,8.48
6416,642,2.5,7.57
6417,642,3.0,7.33
6418,642,3.5,7.73
6419,642,4.0,7.29
6420,642,4.5,7.25
6421,643,0.0,8.03
6422,643,0.5,8.32
6423,643,1.0,8.39
6424,643,1.5,7.65
6425,643,2.0,7.11
6426,643,2.5,7.1
6427,643,3.0,6.54
6428,643,3.5,6.42
6429,643,4.0,6.5
6430,643,4.5,6.57
6431,644,0.0,8.23
6432,644,0.5,8.59
6433,644,1.0,6.89
6434,644,1.5,7.29
6435,644,2.0,8.39
6436,644,2.5,7.44
6437,644,3.0,6.61
6438,644,3.5,8.29
6439,644,4.0,7.85
6440,644,4.5,7.31
6441,645,0.0,7.54
6442,645,0.5,8.11
6443,645,1.0,8.27
6444,645,1.5,7.71
6445,645,2.0,7.13
6446,645,2.5,6.87
6447,645,3.0,7.12
6448,645,3.5,7.52
6449,645,4.0,6.67
6450,645,4.5,8.06
6451,646,0.0,7.44
6452,646,0.5,7.68
6453,646,1.0,7.94
6454,646,1.5,6.88
6455,646,2.0,7.37
6456,646,2.5,7.81
6457,646,3.0,8.21
6458,646,3.5,7.27
6459,646,4.0,7.68
6460,646,4.5,7.65
6461,647,0.0,7.94
6462,647,0.5,8.77
6463,647,1.0,8.13
6464,647,1.5,7.19
6465,647,2.0,8.17
6466,647,2.5,7.4
6467,647,3.0,7.55
6468,647,3.5,7.19
6469,647,4.0,6.84
6470,647,4.5,8.03
6471,648,0.0,8.92
6472,648,0.5,8.31
6473,648,1.0,7.37
6474,648,1.5,7.44
6475,648,2.0,7.37
6476,648,2.5,6.52
6477,648,3.0,8.37
6478,648,3.5,7.58
6479,648,4.0,7.58
6480,648,4.5,7.51
6481,649,0.0,8.05
6482,649,0.5,7.38
6483,649,1.0,8.59
6484,649,1.5,6.99
6485,649,2.0,6.94
6486,649,2.5,7.85
6487,649,3.0,8.1
6488,649,3.5,7.65
6489,649,4.0,7.57
6490,649,4.5,6.86
6491,650,0.0,8.5
6492,650,0.5,7.33
6493,650,1.0,7.42
6494,650,1.5,8.06
6495,650,2.0,7.29
6496,650,2.5,6.71
6497,650,3.0,7.12
6498,650,3.5,6.63
6499,650,4.0,6.51
6500,650,4.5,7.25
6501,651,0.0,7.48
6502,651,0.5,8.67
6503,651,1.0,7.0
6504,651,1.5,7.61
6505,651,2.0,6.94
6506,651,2.5,6.77
6507,651,3.0,6.67
6508,651,3.5,7.54
6509,651,4.0,7.77
6510,651,4.5,6.8
6511,652,0.0,7.53
6512,652,0.5,7.97
6513,652,1.0,8.66
6514,652,1.5,7.02
6515,652,2.0,7.46
6516,652,2.5,6.75
6517,652,3.0,7.17
6518,652,3.5,7.78
6519,652,4.0,6.31
6520,652,4.5,7.08
6521,653,0.0,8.23
6522,653,0.5,7.93
6523,653,1.0,8.21
6524,653,1.5,6.99
6525,653,2.0,8.1
6526,653,2.5,6.84
6527,653,3.0,8.1
6528,653,3.5,8.18
6529,653,4.0,6.68
6530,653,4.5,7.02
6531,654,0.0,7.95
6532,654,0.5,7.9
6533,654,1.0,7.48
6534,654,1.5,8.57
6535,654,2.0,7.32
6536,654,2.5,7.87
6537,654,3.0,6.47
6538,654,3.5,6.84
6539,654,4.0,7.2
6540,654,4.5,6.46
6541,655,0.0,8.6
6542,655,0.5,8.5
6543,655,1.0,7.15
6544,655,1.5,7.46
6545,655,2.0,8.32
6546,655,2.5,6.56
6547,655,3.0,8.27
6548,655,3.5,7.55
6549,655,4.0,7.89
6550,655,4.5,6.77
6551,656,0.0,7.04
6552,656,0.5,7.94
6553,656,1.0,8.35
6554,656,1.5,7.67
6555,656,2.0,6.98
6556,656,2.5,8.08
6557,656,3.0,6.93
6558,656,3.5,7.56
6559,656,4.0,7.66
6560,656,4.5,6.61
6561,657,0.0,7.44
6562,657,0.5,7.95
6563,657,1.0,7.47
6564,657,1.5,7.34
6565,657,2.0,6.83
6566,657,2.5,7.58
6567,657,3.0,6.54
6568,657,3.5,7.23
6569,657,4.0,6.4
6570,657,4.5,6.19
6571,658,0.0,7.66
6572,658,0.5,7.28
6573,658,1.0,7.76
6574,658,1.5,7.67
6575,658,2.0,8.25
6576,658,2.5,7.25
6577,658,3.0,7.5
6578,658,3.5,7.07
6579,658,4.0,7.57
6580,658,4.5,7.38
6581,659,0.0,8.2
6582,659,0.5,8.49
6583,659,1.0,8.66
6584,659,1.5,6.74
6585,659,2.0,7.7
6586,659,2.5,8.34
6587,659,3.0,7.2
6588,659,3.5,7.59
6589,659,4.0,6.93
6590,659,4.5,7.63
6591,660,0.0,8.89
6592,660,0.5,7.46
6593,660,1.0,8.75
6594,660,1.5,8.16
6595,660,2.0,7.44
6596,660,2.5,7.34
6597,660,3.0,8.1
6598,660,3.5,8.14
6599,660,4.0,7.28
6600,660,4.5,6.66
6601,661,0.0,8.88
6602,661,0.5,8.59
6603,661,1.0,8.36
6604,661,1.5,7.7
6605,661,2.0,7.11
6606,661,2.5,7.89
6607,661,3.0,6.92
6608,661,3.5,8.2
6609,661,4.0,7.78
6610,661,4.5,6.35
6611,662,0.0,8.52
6612,662,0.5,7.92
6613,662,1.0,7.82
6614,662,1.5,8.42
6615,662,2.0,8.43
6616,662,2.5,8.29
6617,662,3.0,6.9
6618,662,3.5,7.26
6619,662,4.0,6.77
6620,662,4.5,7.23
6621,663,0.0,7.92
6622,663,0.5,8.01
6623,663,1.0,6.82
6624,663,1.5,6.92
6625,663,2.0,8.08
6626,663,2.5,7.26
6627,663,3.0,7.49
6628,663,3.5,6.55
6629,663,4.0,7.84
6630,663,4.5,6.46
6631,664,0.0,8.94
6632,664,0.5,7.4
6633,664,1.0,8.08
6634,664,1.5,6.97
6635,664,2.0,7.94
6636,664,2.5,8.24
6637,664,3.0,8.37
6638,664,3.5,7.45
6639,664,4.0,7.13
6640,664,4.5,6.74
6641,665,0.0,7.86
6642,665,0.5,7.91
6643,665,1.0,8.78
6644,665,1.5,7.11
6645,665,2.0,7.57
6646,665,2.5,7.98
6647,665,3.0,8.27
6648,665,3.5,7.11
6649,665,4.0,7.18
6650,665,4.5,6.94
6651,666,0.0,9.0
6652,666,0.5,7.25
6653,666,1.0,8.22
6654,666,1.5,8.57
6655,666,2.0,7.22
6656,666,2.5,7.79
6657,666,3.0,7.81
6658,666,3.5,8.11
6659,666,4.0,8.2
6660,666,4.5,7.35
6661,667,0.0,7.9
6662,667,0.5,8.07
6663,667,1.0,7.41
6664,667,1.5,8.15
6665,667,2.0,7.65
6666,667,2.5,8.07
6667,667,3.0,7.56
6668,667,3.5,7.24
6669,667,4.0,7.25
6670,667,4.5,8.0
6671,668,0.0,7.72
6672,668,0.5,8.18
6673,668,1.0,7.3
6674,668,1.5,6.92
6675,668,2.0,7.38
6676,668,2.5,8.24
6677,668,3.0,6.7
6678,668,3.5,8.29
6679,668,4.0,6.23
6680,668,4.5,8.05
6681,669,0.0,8.29
6682,669,0.5,8.21
6683,669,1.0,7.67
6684,669,1.5,8.54
6685,669,2.0,8.49
6686,669,2.5,7.56
6687,669,3.0,7.31
6688,669,3.5,7.56
6689,669,4.0,7.33
6690,669,4.5,7.05
6691,670,0.0,7.97
6692,670,0.5,7.59
6693,670,1.0,6.86
6694,670,1.5,7.28
6695,670,2.0,7.91
6696,670,2.5,7.41
6697,670,3.0,7.84
6698,670,3.5,6.77
6699,670,4.0,6.53
6700,670,4.5,7.87
6701,671,0.0,7.09
6702,671,0.5,7.61
6703,671,1.0,8.16
6704,671,1.5,7.79
6705,671,2.0,8.02
6706,671,2.5,7.14
6707,671,3.0,6.59
6708,671,3.5,7.11
6709,671,4.0,8.05
6710,671,4.5,7.3
6711,672,0.0,8.02
6712,672,0.5,7.25
6713,672,1.0,8.19
6714,672,1.5,7.5
6715,672,2.0,7.7
6716,672,2.5,7.95
6717,672,3.0,7.1
6718,672,3.5,7.38
6719,672,4.0,6.84
6720,672,4.5,7.8
6721,673,0.0,8.13
6722,673,0.5,7.34
6723,673,1.0,8.73
6724,673,1.5,6.74
6725,673,2.0,8.21
6726,673,2.5,7.91
6727,673,3.0,7.22
6728,673,3.5,8.09
6729,673,4.0,7.06
6730,673,4.5,7.47
6731,674,0.0,8.49
6732,674,0.5,8.37
6733,674,1.0,6.9
6734,674,1.5,7.97
6735,674,2.0,7.55
6736,674,2.5,8.34
6737,674,3.0,7.72
6738,674,3.5,6.93
6739,674,4.0,6.78
6740,674,4.5,8.02
6741,675,0.0,8.99
6742,675,0.5,8.02
6743,675,1.0,8.05
6744,675,1.5,7.44
6745,675,2.0,8.28
6746,675,2.5,8.21
6747,675,3.0,8.34
6748,675,3.5,7.88
6749,675,4.0,6.6
6750,675,4.5,6.61
6751,676,0.0,8.91
6752,676,0.5,8.13
6753,676,1.0,8.29
6754,676,1.5,7.5
6755,676,2.0,7.39
6756,676,2.5,7.08
6757,676,3.0,7.76
6758,676,3.5,8.11
6759,676,4.0,6.65
6760,676,4.5,6.83
6761,677,0.0,7.23
6762,677,0.5,7.02
6763,677,1.0,7.22
6764,677,1.5,7.09
6765,677,2.0,7.15
6766,677,2.5,6.83
6767,677,3.0,7.12
6768,677,3.5,6.61
6769,677,4.0,6.61
6770,677,4.5,7.85
6771,678,0.0,8.68
6772,678,0.5,7.47
6773,678,1.0,6.95
6774,678,1.5,6.8
6775,678,2.0,7.13
6776,678,2.5,8.41
6777,678,3.0,7.56
6778,678,3.5,7.83
6779,678,4.0,7.18
6780,678,4.5,7.37
6781,679,0.0,7.87
6782,679,0.5,7.86
6783,679,1.0,7.5
6784,679,1.5,7.21
6785,679,2.0,8.37
6786,679,2.5,8.44
6787,679,3.0,7.27
6788,679,3.5,6.38
6789,679,4.0,6.92
6790,679,4.5,6.22
6791,680,0.0,7.73
6792,680,0.5,7.67
6793,680,1.0,7.44
6794,680,1.5,7.34
6795,680,2.0,8.22
6796,680,2.5,6.73
6797,680,3.0,7.75
6798,680,3.5,6.46
6799,680,4.0,7.65
6800,680,4.5,7.92
6801,681,0.0,7.38
6802,681,0.5,7.89
6803,681,1.0,8.28
6804,681,1.5,7.83
6805,681,2.0,6.94
6806,681,2.5,8.26
6807,681,3.0,8.39
6808,681,3.5,8.15
6809,681,4.0,7.34
6810,681,4.5,6.84
6811,682,0.0,7.61
6812,682,0.5,7.1
6813,682,1.0,8.24
6814,682,1.5,6.76
6815,682,2.0,7.66
6816,682,2.5,6.68
6817,682,3.0,7.15
6818,682,3.5,6.36
6819,682,4.0,6.92
6820,682,4.5,7.07
6821,683,0.0,8.05
6822,683,0.5,7.74
6823,683,1.0,8.37
6824,683,1.5,7.82
6825,683,2.0,7.09
6826,683,2.5,7.05
6827,683,3.0,7.29
6828,683,3.5,7.15
6829,683,4.0,7.83
6830,683,4.5,7.6
6831,684,0.0,7.91
6832,684,0.5,7.9
6833,684,1.0,6.98
6834,684,1.5,7.79
6835,684,2.0,7.44
6836,684,2.5,6.87
6837,684,3.0,6.52
6838,684,3.5,6.9
6839,684,4.0,6.6
6840,684,4.5,6.29
6841,685,0.0,8.96
6842,685,0.5,8.49
6843,685,1.0,8.51
6844,685,1.5,6.8
6845,685,2.0,7.56
6846,685,2.5,7.94
6847,685,3.0,6.52
6848,685,3.5,7.12
6849,685,4.0,6.73
6850,685,4.5,8.04
6851,686,0.0,7.83
6852,686,0.5,7.75
6853,686,1.0,6.95
6854,686,1.5,8.36
6855,686,2.0,8.55
6856,686,2.5,6.99
6857,686,3.0,8.22
6858,686,3.5,8.3
6859,686,4.0,7.3
6860,686,4.5,7.79
6861,687,0.0,8.68
6862,687,0.5,7.02
6863,687,1.0,7.9
6864,687,1.5,7.46
6865,687,2.0,7.71
6866,687,2.5,7.87
6867,687,3.0,8.11
6868,687,3.5,6.78
6869,687,4.0,8.17
6870,687,4.5,7.07
6871,688,0.0,7.09
6872,688,0.5,7.02
6873,688,1.0,8.17
6874,688,1.5,7.79
6875,688,2.0,7.17
6876,688,2.5,7.27
6877,688,3.0,6.65
6878,688,3.5,7.12
6879,688,4.0,7.77
6880,688,4.5,7.05
6881,689,0.0,7.89
6882,689,0.5,7.96
6883,689,1.0,7.19
6884,689,1.5,6.95
6885,689,2.0,8.03
6886,689,2.5,7.09
6887,689,3.0,7.72
6888,689,3.5,7.25
6889,689,4.0,6.43
6890,689,4.5,7.73
6891,690,0.0,8.03
6892,690,0.5,7.34
6893,690,1.0,7.4
6894,690,1.5,7.71
6895,690,2.0,8.57
6896,690,2.5,7.37
6897,690,3.0,8.26
6898,690,3.5,7.45
6899,690,4.0,7.66
6900,690,4.5,7.51
6901,691,0.0,7.04
6902,691,0.5,7.59
6903,691,1.0,7.75
6904,691,1.5,8.4
6905,691,2.0,8.53
6906,691,2.5,7.54
6907,691,3.0,8.38
6908,691,3.5,7.64
6909,691,4.0,7.75
6910,691,4.5,8.05
6911,692,0.0,7.8
6912,692,0.5,8.26
6913,692,1.0,7.1
6914,692,1.5,8.06
6915,692,2.0,7.64
6916,692,2.5,8.14
6917,692,3.0,6.41
6918,692,3.5,8.13
6919,692,4.0,7.83
6920,692,4.5,7.81
6921,693,0.0,8.8
6922,693,0.5,8.69
6923,693,1.0,8.5
6924,693,1.5,7.19
6925,693,2.0,7.61
6926,693,2.5,8.29
6927,693,3.0,6.76
6928,693,3.5,7.53
6929,693,4.0,7.06
6930,693,4.5,7.32
6931,694,0.0,8.62
6932,694,0.5,8.85
6933,694,1.0,8.78
6934,694,1.5,7.08
6935,694,2.0,7.34
6936,694,2.5,8.35
6937,694,3.0,7.69
6938,694,3.5,8.01
6939,694,4.0,8.13
6940,694,4.5,7.9
6941,695,0.0,8.29
6942,695,0.5,8.71
6943,695,1.0,8.33
6944,695,1.5,8.02
6945,695,2.0,7.37
6946,695,2.5,7.39
6947,695,3.0,6.91
6948,695,3.5,7.4
6949,695,4.0,7.29
6950,695,4.5,7.22
6951,696,0.0,8.76
6952,696,0.5,6.93
6953,696,1.0,8.61
6954,696,1.5,7.69
6955,696,2.0,6.77
6956,696,2.5,7.68
6957,696,3.0,6.52
6958,696,3.5,6.72
6959,696,4.0,6.56
6960,696,4.5,6.98
6961,697,0.0,8.62
6962,697,0.5,7.08
6963,697,1.0,8.16
6964,697,1.5,7.4
6965,697,2.0,8.23
6966,697,2.5,7.73
6967,697,3.0,7.89
6968,697,3.5,7.69
6969,697,4.0,6.66
6970,697,4.5,7.29
6971,698,0.0,7.15
6972,698,0.5,7.38
6973,698,1.0,8.07
6974,698,1.5,6.81
6975,698,2.0,6.87
6976,698,2.5,7.75
6977,698,3.0,6.94
6978,698,3.5,7.1
6979,698,4.0,6.77
6980,698,4.5,7.31
6981,699,0.0,8.76
6982,699,0.5,7.29
6983,699,1.0,8.24
6984,699,1.5,7.8
6985,699,2.0,7.25
6986,699,2.5,6.76
6987,699,3.0,7.19
6988,699,3.5,8.29
6989,699,4.0,8.04
6990,699,4.5,7.73
6991,700,0.0,7.83
6992,700,0.5,7.66
6993,700,1.0,7.88
6994,700,1.5,8.24
6995,700,2.0,6.94
6996,700,2.5,7.83
6997,700,3.0,7.93
6998,700,3.5,7.14
6999,700,4.0,7.36
7000,700,4.5,6.83
7001,701,0.0,7.47
7002,701,0.5,8.01
7003,701,1.0,6.9
7004,701,1.5,8.58
7005,701,2.0,8.02
7006,701,2.5,6.95
7007,701,3.0,8.34
7008,701,3.5,6.46
7009,701,4.0,7.16
7010,701,4.5,7.79
7011,702,0.0,7.63
7012,702,0.5,8.21
7013,702,1.0,8.79
7014,702,1.5,7.12
7015,702,2.0,6.8
7016,702,2.5,6.92
7017,702,3.0,7.24
7018,702,3.5,8.25
7019,702,4.0,7.0
7020,702,4.5,6.97
7021,703,0.0,7.53
7022,703,0.5,6.93
7023,703,1.0,8.36
7024,703,1.5,6.75
7025,703,2.0,6.61
7026,703,2.5,7.42
7027,703,3.0,6.55
7028,703,3.5,6.61
7029,703,4.0,8.03
7030,703,4.5,7.59
7031,704,0.0,8.41
7032,704,0.5,8.56
7033,704,1.0,8.36
7034,704,1.5,6.99
7035,704,2.0,6.69
7036,704,2.5,7.06
7037,704,3.0,7.8
7038,704,3.5,6.33
7039,704,4.0,7.2
7040,704,4.5,7.14
7041,705,0.0,7.77
7042,705,0.5,7.26
7043,705,1.0,8.19
7044,705,1.5,8.37
7045,705,2.0,6.83
7046,705,2.5,6.62
7047,705,3.0,7.92
7048,705,3.5,7.15
7049,705,4.0,7.97
7050,705,4.5,7.81
7051,706,0.0,8.79
7052,706,0.5,7.73
7053,706,1.0,8.42
7054,706,1.5,7.59
7055,706,2.0,8.33
7056,706,2.5,8.21
7057,706,3.0,6.76
7058,706,3.5,7.31
7059,706,4.0,6.33
7060,706,4.5,6.96
7061,707,0.0,7.77
7062,707,0.5,8.62
7063,707,1.0,7.1
7064,707,1.5,7.09
7065,707,2.0,8.21
7066,707,2.5,7.14
7067,707,3.0,7.93
7068,707,3.5,6.8
7069,707,4.0,7.52
7070,707,4.5,7.69
7071,708,0.0,8.18
7072,708,0.5,8.34
7073,708,1.0,7.45
7074,708,1.5,6.95
7075,708,2.0,8.49
7076,708,2.5,7.34
7077,708,3.0,6.98
7078,708,3.5,7.09
7079,708,4.0,6.93
7080,708,4.5,7.61
7081,709,0.0,8.8
7082,709,0.5,8.18
7083,709,1.0,7.51
7084,709,1.5,6.92
7085,709,2.0,8.45
7086,709,2.5,8.41
7087,709,3.0,8.17
7088,709,3.5,7.93
7089,709,4.0,7.14
7090,709,4.5,6.92
7091,710,0.0,8.14
7092,710,0.5,7.39
7093,710,1.0,7.78
7094,710,1.5,7.15
7095,710,2.0,8.54
7096,710,2.5,8.42
7097,710,3.0,8.33
7098,710,3.5,7.43
7099,710,4.0,6.52
7100,710,4.5,6.6
7101,711,0.0,8.96
7102,711,0.5,8.42
7103,711,1.0,7.89
7104,711,1.5,7.58
7105,711,2.0,8.49
7106,711,2.5,8.09
7107,711,3.0,7.93
7108,711,3.5,7.45
7109,711,4.0,6.88
7110,711,4.5,6.27
7111,712,0.0,7.86
7112,712,0.5,7.25
7113,712,1.0,8.2
7114,712,1.5,7.63
7115,712,2.0,7.16
7116,712,2.5,8.08
7117,712,3.0,7.11
7118,712,3.5,7.02
7119,712,4.0,6.47
7120,712,4.5,6.39
7121,713,0.0,7.24
7122,713,0.5,8.74
7123,713,1.0,7.8
7124,713,1.5,8.25
7125,713,2.0,7.64
7126,713,2.5,7.21
7127,713,3.0,6.44
7128,713,3.5,6.49
7129,713,4.0,6.41
7130,713,4.5,7.01
7131,714,0.0,7.77
7132,714,0.5,7.7
7133,714,1.0,8.67
7134,714,1.5,6.73
7135,714,2.0,7.5
7136,714,2.5,6.68
7137,714,3.0,7.35
7138,714,3.5,6.62
7139,714,4.0,6.33
7140,714,4.5,7.5
7141,715,0.0,8.63
7142,715,0.5,7.19
7143,715,1.0,7.22
7144,715,1.5,7.75
7145,715,2.0,6.72
7146,715,2.5,7.9
7147,715,3.0,8.05
7148,715,3.5,6.47
7149,715,4.0,7.15
7150,715,4.5,7.0
7151,716,0.0,7.74
7152,716,0.5,6.95
7153,716,1.0,8.7
7154,716,1.5,7.34
7155,716,2.0,8.16
7156,716,2.5,7.84
7157,716,3.0,6.52
7158,716,3.5,7.59
7159,716,4.0,7.7
7160,716,4.5,6.26
7161,717,0.0,8.72
7162,717,0.5,8.56
7163,717,1.0,8.72
7164,717,1.5,8.62
7165,717,2.0,7.1
7166,717,2.5,8.43
7167,717,3.0,8.32
7168,717,3.5,6.58
7169,717,4.0,7.57
7170,717,4.5,6.97
7171,718,0.0,8.9
7172,718,0.5,7.74
7173,718,1.0,7.67
7174,718,1.5,8.14
7175,718,2.0,7.5
7176,718,2.5,7.95
7177,718,3.0,6.53
7178,718,3.5,6.53
7179,718,4.0,6.88
7180,718,4.5,7.24
7181,719,0.0,7.44
7182,719,0.5,8.7
7183,719,1.0,8.78
7184,719,1.5,8.32
7185,719,2.0,8.48
7186,719,2.5,7.57
7187,719,3.0,6.54
7188,719,3.5,6.78
7189,719,4.0,7.92
7190,719,4.5,7.03
7191,720,0.0,8.98
7192,720,0.5,7.65
7193,720,1.0,8.58
7194,720,1.5,6.83
7195,720,2.0,7.67
7196,720,2.5,6.58
7197,720,3.0,8.11
7198,720,3.5,6.69
7199,720,4.0,7.21
7200,720,4.5,7.04
7201,721,0.0,7.7
7202,721,0.5,6.94
7203,721,1.0,8.57
7204,721,1.5,7.56
7205,721,2.0,7.05
7206,721,2.5,8.43
7207,721,3.0,7.91
7208,721,3.5,6.37
7209,721,4.0,7.64
7210,721,4.5,6.87
7211,722,0.0,8.46
7212,722,0.5,7.79
7213,722,1.0,7.91
7214,722,1.5,7.6
7215,722,2.0,8.58
7216,722,2.5,7.95
7217,722,3.0,6.63
7218,722,3.5,7.29
7219,722,4.0,6.99
7220,722,4.5,6.37
7221,723,0.0,8.16
7222,723,0.5,7.77
7223,723,1.0,8.06
7224,723,1.5,7.24
7225,723,2.0,6.97
7226,723,2.5,7.03
7227,723,3.0,7.9
7228,723,3.5,7.72
7229,723,4.0,6.72
7230,723,4.5,7.93
7231,724,0.0,7.01
7232,724,0.5,7.09
7233,724,1.0,7.81
7234,724,1.5,8.29
7235,724,2.0,8.27
7236,724,2.5,6.52
7237,724,3.0,7.63
7238,724,3.5,6.59
7239,724,4.0,6.63
7240,724,4.5,6.34
7241,725,0.0,7.09
7242,725,0.5,7.41
7243,725,1.0,8.29
7244,725,1.5,6.87
7245,725,2.0,7.47
7246,725,2.5,8.16
7247,725,3.0,7.05
7248,725,3.5,7.23
7249,725,4.0,7.43
7250,725,4.5,6.69
7251,726,0.0,8.34
7252,726,0.5,8.73
7253,726,1.0,8.27
7254,726,1.5,7.84
7255,726,2.0,7.75
7256,726,2.5,8.18
7257,726,3.0,7.76
7258,726,3.5,8.01
7259,726,4.0,6.52
7260,726,4.5,7.17
7261,727,0.0,8.05
7262,727,0.5,8.5
7263,727,1.0,7.51
7264,727,1.5,7.47
7265,727,2.0,8.52
7266,727,2.5,8.24
7267,727,3.0,6.53
7268,727,3.5,6.6
7269,727,4.0,6.8
7270,727,4.5,7.72
7271,728,0.0,8.32
7272,728,0.5,7.45
7273,728,1.0,7.64
7274,728,1.5,7.43
7275,728,2.0,6.86
7276,728,2.5,8.49
7277,728,3.0,7.24
7278,728,3.5,6.99
7279,728,4.0,6.91
7280,728,4.5,6.29
7281,729,0.0,8.74
7282,729,0.5,8.58
7283,729,1.0,7.35
7284,729,1.5,8.06
7285,729,2.0,6.9
7286,729,2.5,6.8
7287,729,3.0,7.8
7288,729,3.5,6.95
7289,729,4.0,7.92
7290,729,4.5,7.09
7291,730,0.0,7.5
7292,730,0.5,7.17
7293,730,1.0,6.96
7294,730,1.5,8.53
7295,730,2.0,6.9
7296,730,2.5,6.77
7297,730,3.0,7.78
7298,730,3.5,6.49
7299,730,4.0,7.62
7300,730,4.5,7.11
7301,731,0.0,7.33
7302,731,0.5,8.6
7303,731,1.0,7.32
7304,731,1.5,8.24
7305,731,2.0,6.98
7306,731,2.5,7.04
7307,731,3.0,6.85
7308,731,3.5,7.57
7309,731,4.0,7.37
7310,731,4.5,6.75
7311,732,0.0,8.5
7312,732,0.5,8.55
7313,732,1.0,8.04
7314,732,1.5,7.92
7315,732,2.0,8.18
7316,732,2.5,6.67
7317,732,3.0,6.88
7318,732,3.5,7.14
7319,732,4.0,7.36
7320,732,4.5,7.28
7321,733,0.0,8.62
7322,733,0.5,7.22
7323,733,1.0,7.25
7324,733,1.5,8.04
7325,733,2.0,7.99
7326,733,2.5,6.94
7327,733,3.0,6.46
7328,733,3.5,6.33
7329,733,4.0,7.37
7330,733,4.5,7.86
7331,734,0.0,7.92
7332,734,0.5,7.84
7333,734,1.0,8.01
7334,734,1.5,7.72
7335,734,2.0,7.91
7336,734,2.5,7.74
7337,734,3.0,6.47
7338,734,3.5,7.3
7339,734,4.0,7.52
7340,734,4.5,6.55
7341,735,0.0,8.04
7342,735,0.5,8.78
7343,735,1.0,8.27
7344,735,1.5,8.44
7345,735,2.0,6.87
7346,735,2.5,7.34
7347,735,3.0,6.42
7348,735,3.5,7.28
7349,735,4.0,6.6
7350,735,4.5,6.91
7351,736,0.0,8.81
7352,736,0.5,7.14
7353,736,1.0,8.5
7354,736,1.5,8.39
7355,736,2.0,6.87
7356,736,2.5,7.66
7357,736,3.0,6.52
7358,736,3.5,7.7
7359,736,4.0,7.3
7360,736,4.5,7.62
7361,737,0.0,8.17
7362,737,0.5,8.73
7363,737,1.0,7.12
7364,737,1.5,7.71
7365,737,2.0,6.79
7366,737,2.5,8.49
7367,737,3.0,7.54
7368,737,3.5,7.03
7369,737,4.0,8.11
7370,737,4.5,6.36
7371,738,0.0,8.39
7372,738,0.5,8.11
7373,738,1.0,7.03
7374,738,1.5,7.84
7375,738,2.0,6.83
7376,738,2.5,7.12
7377,738,3.0,8.34
7378,738,3.5,7.15
7379,738,4.0,8.03
7380,738,4.5,6.39
7381,739,0.0,8.4
7382,739,0.5,8.08
7383,739,1.0,7.76
7384,739,1.5,7.95
7385,739,2.0,7.18
7386,739,2.5,6.87
7387,739,3.0,6.54
7388,739,3.5,8.07
7389,739,4.0,6.72
7390,739,4.5,7.08
7391,740,0.0,7.8
7392,740,0.5,7.57
7393,740,1.0,7.67
7394,740,1.5,6.85
7395,740,2.0,6.95
7396,740,2.5,6.97
7397,740,3.0,6.81
7398,740,3.5,8.11
7399,740,4.0,7.22
7400,740,4.5,6.4
7401,741,0.0,7.99
7402,741,0.5,8.18
7403,741,1.0,7.48
7404,741,1.5,8.17
7405,741,2.0,7.57
7406,741,2.5,8.17
7407,741,3.0,7.0
7408,741,3.5,6.58
7409,741,4.0,7.78
7410,741,4.5,6.13
7411,742,0.0,8.84
7412,742,0.5,7.64
7413,742,1.0,7.11
7414,742,1.5,8.65
7415,742,2.0,6.97
7416,742,2.5,7.41
7417,742,3.0,7.29
7418,742,3.5,7.79
7419,742,4.0,7.93
7420,742,4.5,6.98
7421,743,0.0,8.95
7422,743,0.5,7.96
7423,743,1.0,6.86
7424,743,1.5,6.71
7425,743,2.0,8.34
7426,743,2.5,6.92
7427,743,3.0,6.62
7428,743,3.5,7.14
7429,743,4.0,7.55
7430,743,4.5,7.11
7431,744,0.0,8.81
7432,744,0.5,7.16
7433,744,1.0,7.48
7434,744,1.5,7.87
7435,744,2.0,7.05
7436,744,2.5,7.52
7437,744,3.0,8.06
7438,744,3.5,6.37
7439,744,4.0,7.13
7440,744,4.5,6.24
7441,745,0.0,8.0
7442,745,0.5,8.13
7443,745,1.0,6.91
7444,745,1.5,8.52
7445,745,2.0,6.74
7446,745,2.5,7.4
7447,745,3.0,8.32
7448,745,3.5,6.56
7449,745,4.0,7.51
7450,745,4.5,6.76
7451,746,0.0,8.04
7452,746,0.5,7.44
7453,746,1.0,7.89
7454,746,1.5,7.71
7455,746,2.0,8.03
7456,746,2.5,7.83
7457,746,3.0,7.93
7458,746,3.5,6.63
7459,746,4.0,7.81
7460,746,4.5,6.27
7461,747,0.0,7.54
7462,747,0.5,8.54
7463,747,1.0,7.45
7464,747,1.5,6.79
7465,747,2.0,6.75
7466,747,2.5,7.96
7467,747,3.0,6.69
7468,747,3.5,7.22
7469,747,4.0,6.54
7470,747,4.5,7.59
7471,748,0.0,7.42
7472,748,0.5,8.19
7473,748,1.0,8.51
7474,748,1.5,7.49
7475,748,2.0,7.04
7476,748,2.5,6.52
7477,748,3.0,8.37
7478,748,3.5,6.8
7479,748,4.0,6.53
7480,748,4.5,7.08
7481,749,0.0,8.76
7482,749,0.5,7.96
7483,749,1.0,7.64
7484,749,1.5,7.18
7485,749,2.0,7.08
7486,749,2.5,6.94
7487,749,3.0,7.21
7488,749,3.5,8.01
7489,749,4.0,7.89
7490,749,4.5,8.06
7491,750,0.0,7.73
7492,750,0.5,8.81
7493,750,1.0,7.61
7494,750,1.5,6.74
7495,750,2.0,8.48
7496,750,2.5,7.9
7497,750,3.0,6.96
7498,750,3.5,8.07
7499,750,4.0,7.3
7500,750,4.5,6.39
7501,751,0.0,7.69
7502,751,0.5,7.51
7503,751,1.0,7.17
7504,751,1.5,7.9
7505,751,2.0,6.93
7506,751,2.5,8.03
7507,751,3.0,8.05
7508,751,3.5,7.15
7509,751,4.0,6.91
7510,751,4.5,7.4
7511,752,0.0,8.02
7512,752,0.5,7.13
7513,752,1.0,8.11
7514,752,1.5,6.99
7515,752,2.0,7.26
7516,752,2.5,6.82
7517,752,3.0,8.34
7518,752,3.5,6.35
7519,752,4.0,7.61
7520,752,4.5,7.25
7521,753,0.0,8.67
7522,753,0.5,7.46
7523,753,1.0,8.44
7524,753,1.5,8.69
7525,753,2.0,7.53
7526,753,2.5,7.67
7527,753,3.0,6.71
7528,753,3.5,7.25
7529,753,4.0,6.51
7530,753,4.5,7.56
7531,754,0.0,8.79
7532,754,0.5,7.47
7533,754,1.0,8.76
7534,754,1.5,8.65
7535,754,2.0,7.02
7536,754,2.5,8.06
7537,754,3.0,6.55
7538,754,3.5,6.86
7539,754,4.0,7.31
7540,754,4.5,7.66
7541,755,0.0,8.14
7542,755,0.5,8.02
7543,755,1.0,7.16
7544,755,1.5,7.77
7545,755,2.0,7.97
7546,755,2.5,7.09
7547,755,3.0,7.8
7548,755,3.5,7.91
7549,755,4.0,6.61
7550,755,4.5,6.88
7551,756,0.0,8.72
7552,756,0.5,8.01
7553,756,1.0,8.13
7554,756,1.5,8.22
7555,756,2.0,6.68
7556,756,2.5,6.63
7557,756,3.0,8.29
7558,756,3.5,6.38
7559,756,4.0,7.81
7560,756,4.5,6.87
7561,757,0.0,7.7
7562,757,0.5,8.81
7563,757,1.0,7.57
7564,757,1.5,7.58
7565,757,2.0,7.27
7566,757,2.5,7.33
7567,757,3.0,7.6
7568,757,3.5,6.63
7569,757,4.0,7.69
7570,757,4.5,6.45
7571,758,0.0,8.83
7572,758,0.5,8.07
7573,758,1.0,7.86
7574,758,1.5,7.86
7575,758,2.0,6.92
7576,758,2.5,8.26
7577,758,3.0,7.52
7578,758,3.5,8.13
7579,758,4.0,7.23
7580,758,4.5,6.51
7581,759,0.0,7.84
7582,759,0.5,8.33
7583,759,1.0,8.24
7584,759,1.5,7.06
7585,759,2.0,7.66
7586,759,2.5,7.18
7587,759,3.0,6.75
7588,759,3.5,7.09
7589,759,4.0,6.35
7590,759,4.5,7.68
7591,760,0.0,7.36
7592,760,0.5,7.82
7593,760,1.0,8.78
7594,760,1.5,7.53
7595,760,2.0,7.88
7596,760,2.5,7.03
7597,760,3.0,7.99
7598,760,3.5,7.98
7599,760,4.0,6.22
7600,760,4.5,6.99
7601,761,0.0,8.72
7602,761,0.5,7.94
7603,761,1.0,7.88
7604,761,1.5,7.09
7605,761,2.0,8.02
7606,761,2.5,7.47
7607,761,3.0,6.99
7608,761,3.5,6.96
7609,761,4.0,7.0
7610,761,4.5,7.79
7611,762,0.0,7.64
7612,762,0.5,7.47
7613,762,1.0,7.75
7614,762,1.5,7.4
7615,762,2.0,8.39
7616,762,2.5,7.51
7617,762,3.0,7.71
7618,762,3.5,7.56
7619,762,4.0,7.42
7620,762,4.5,6.65
7621,763,0.0,7.44
7622,763,0.5,8.49
7623,763,1.0,8.05
7624,763,1.5,6.96
7625,763,2.0,6.96
7626,763,2.5,7.61
7627,763,3.0,7.24
7628,763,3.5,7.93
7629,763,4.0,7.15
7630,763,4.5,7.38
7631,764,0.0,8.93
7632,764,0.5,7.24
7633,764,1.0,8.66
7634,764,1.5,8.19
7635,764,2.0,7.77
7636,764,2.5,7.49
7637,764,3.0,7.13
7638,764,3.5,7.54
7639,764,4.0,6.31
7640,764,4.5,6.76
7641,765,0.0,7.95
7642,765,0.5,8.2
7643,765,1.0,7.47
7644,765,1.5,8.19
7645,765,2.0,7.01
7646,765,2.5,7.01
7647,765,3.0,6.51
7648,765,3.5,6.42
7649,765,4.0,6.99
7650,765,4.5,6.41
7651,766,0.0,7.46
7652,766,0.5,8.63
7653,766,1.0,7.09
7654,766,1.5,7.88
7655,766,2.0,8.23
7656,766,2.5,7.23
7657,766,3.0,7.96
7658,766,3.5,6.5
7659,766,4.0,6.36
7660,766,4.5,7.53
7661,767,0.0,7.62
7662,767,0.5,8.04
7663,767,1.0,7.23
7664,767,1.5,7.62
7665,767,2.0,8.28
7666,767,2.5,6.72
7667,767,3.0,7.33
7668,767,3.5,7.3
7669,767,4.0,6.69
7670,767,4.5,7.12
7671,768,0.0,7.05
7672,768,0.5,6.99
7673,768,1.0,8.66
7674,768,1.5,7.25
7675,768,2.0,7.03
7676,768,2.5,8.22
7677,768,3.0,6.7
7678,768,3.5,7.62
7679,768,4.0,6.37
7680,768,4.5,6.14
7681,769,0.0,7.71
7682,769,0.5,8.35
7683,769,1.0,7.44
7684,769,1.5,7.08
7685,769,2.0,8.33
7686,769,2.5,8.26
7687,769,3.0,6.8
7688,769,3.5,6.43
7689,769,4.0,7.91
7690,769,4.5,7.62
7691,770,0.0,8.79
7692,770,0.5,8.75
7693,770,1.0,7.35
7694,770,1.5,7.36
7695,770,2.0,8.02
7696,770,2.5,7.97
7697,770,3.0,7.86
7698,770,3.5,8.08
7699,770,4.0,6.37
7700,770,4.5,7.24
7701,771,0.0,7.74
7702,771,0.5,7.8
7703,771,1.0,7.98
7704,771,1.5,8.53
7705,771,2.0,6.8
7706,771,2.5,8.45
7707,771,3.0,7.73
7708,771,3.5,7.92
7709,771,4.0,6.92
7710,771,4.5,6.88
7711,772,0.0,7.86
7712,772,0.5,8.8
7713,772,1.0,8.57
7714,772,1.5,7.68
7715,772,2.0,8.44
7716,772,2.5,7.46
7717,772,3.0,7.44
7718,772,3.5,7.82
7719,772,4.0,7.01
7720,772,4.5,6.83
7721,773,0.0,7.58
7722,773,0.5,7.98
7723,773,1.0,7.82
7724,773,1.5,7.81
7725,773,2.0,7.04
7726,773,2.5,7.02
7727,773,3.0,6.43
7728,773,3.5,6.72
7729,773,4.0,6.48
7730,773,4.5,6.14
7731,774,0.0,7.11
7732,774,0.5,8.71
7733,774,1.0,8.43
7734,774,1.5,7.18
7735,774,2.0,7.84
7736,774,2.5,7.23
7737,774,3.0,6.96
7738,774,3.5,7.32
7739,774,4.0,6.53
7740,774,4.5,6.75
7741,775,0.0,8.18
7742,775,0.5,6.97
7743,775,1.0,7.94
7744,775,1.5,8.58
7745,775,2.0,8.13
7746,775,2.5,7.89
7747,775,3.0,6.47
7748,775,3.5,8.1
7749,775,4.0,7.92
7750,775,4.5,8.06
7751,776,0.0,7.83
7752,776,0.5,7.51
7753,776,1.0,7.18
7754,776,1.5,7.69
7755,776,2.0,8.08
7756,776,2.5,7.68
7757,776,3.0,7.69
7758,776,3.5,8.13
7759,776,4.0,6.51
7760,776,4.5,8.09
7761,777,0.0,8.52
7762,777,0.5,6.99
7763,777,1.0,6.89
7764,777,1.5,8.25
7765,777,2.0,7.55
7766,777,2.5,6.76
7767,777,3.0,8.38
7768,777,3.5,8.02
7769,777,4.0,6.38
7770,777,4.5,6.72
7771,778,0.0,8.06
7772,778,0.5,8.73
7773,778,1.0,8.24
7774,778,1.5,6.96
7775,778,2.0,8.46
7776,778,2.5,6.9
7777,778,3.0,7.26
7778,778,3.5,6.59
7779,778,4.0,6.81
7780,778,4.5,7.61
7781,779,0.0,8.93
7782,779,0.5,8.7
7783,779,1.0,7.1
7784,779,1.5,8.43
7785,779,2.0,8.3
7786,779,2.5,7.46
7787,779,3.0,7.8
7788,779,3.5,7.8
7789,779,4.0,7.54
7790,779,4.5,6.52
7791,780,0.0,8.68
7792,780,0.5,7.95
7793,780,1.0,7.24
7794,780,1.5,7.85
7795,780,2.0,6.84
7796,780,2.5,7.91
7797,780,3.0,7.69
7798,780,3.5,7.61
7799,780,4.0,7.12
7800,780,4.5,7.34
7801,781,0.0,7.88
7802,781,0.5,7.65
7803,781,1.0,7.22
7804,781,1.5,8.17
7805,781,2.0,7.39
7806,781,2.5,7.05
7807,781,3.0,7.75
7808,781,3.5,7.11
7809,781,4.0,7.06
7810,781,4.5,6.86
7811,782,0.0,7.1
7812,782,0.5,8.09
7813,782,1.0,8.17
7814,782,1.5,6.96
7815,782,2.0,7.47
7816,782,2.5,7.36
7817,782,3.0,7.02
7818,782,3.5,6.41
7819,782,4.0,7.88
7820,782,4.5,7.4
7821,783,0.0,7.49
7822,783,0.5,8.67
7823,783,1.0,7.31
7824,783,1.5,7.98
7825,783,2.0,7.74
7826,783,2.5,7.97
7827,783,3.0,7.75
7828,783,3.5,7.57
7829,783,4.0,7.56
7830,783,4.5,7.14
7831,784,0.0,7.39
7832,784,0.5,7.03
7833,784,1.0,6.93
7834,784,1.5,7.3
7835,784,2.0,7.25
7836,784,2.5,6.74
7837,784,3.0,7.19
7838,784,3.5,7.83
7839,784,4.0,7.78
7840,784,4.5,7.33
7841,785,0.0,7.77
7842,785,0.5,7.2
7843,785,1.0,6.86
7844,785,1.5,6.87
7845,785,2.0,8.11
7846,785,2.5,7.05
7847,785,3.0,6.48
7848,785,3.5,6.44
7849,785,4.0,7.63
7850,785,4.5,7.61
7851,786,0.0,8.24
7852,786,0.5,7.56
7853,786,1.0,7.54
7854,786,1.5,8.69
7855,786,2.0,6.75
7856,786,2.5,7.05
7857,786,3.0,6.56
7858,786,3.5,7.37
7859,786,4.0,6.76
7860,786,4.5,6.9
7861,787,0.0,8.69
7862,787,0.5,8.22
7863,787,1.0,7.46
7864,787,1.5,8.58
7865,787,2.0,8.53
7866,787,2.5,7.99
7867,787,3.0,7.1
7868,787,3.5,7.76
7869,787,4.0,7.77
7870,787,4.5,7.58
7871,788,0.0,7.79
7872,788,0.5,7.95
7873,788,1.0,8.2
7874,788,1.5,7.74
7875,788,2.0,7.24
7876,788,2.5,7.45
7877,788,3.0,8.28
7878,788,3.5,7.03
7879,788,4.0,7.72
7880,788,4.5,6.18
7881,789,0.0,8.78
7882,789,0.5,7.72
7883,789,1.0,8.37
7884,789,1.5,8.18
7885,789,2.0,7.13
7886,789,2.5,6.94
7887,789,3.0,6.4
7888,789,3.5,6.77
7889,789,4.0,7.88
7890,789,4.5,7.03
7891,790,0.0,7.69
7892,790,0.5,7.59
7893,790,1.0,7.82
7894,790,1.5,7.71
7895,790,2.0,8.04
7896,790,2.5,6.87
7897,790,3.0,6.55
7898,790,3.5,6.7
7899,790,4.0,7.11
7900,790,4.5,6.31
7901,791,0.0,8.39
7902,791,0.5,8.09
7903,791,1.0,7.83
7904,791,1.5,7.91
7905,791,2.0,6.92
7906,791,2.5,8.0
7907,791,3.0,6.9
7908,791,3.5,7.18
7909,791,4.0,7.27
7910,791,4.5,7.51
7911,792,0.0,8.18
7912,792,0.5,8.2
7913,792,1.0,7.76
7914,792,1.5,8.58
7915,792,2.0,7.14
7916,792,2.5,7.1
7917,792,3.0,8.21
7918,792,3.5,7.19
7919,792,4.0,7.13
7920,792,4.5,8.01
7921,793,0.0,7.04
7922,793,0.5,7.33
7923,793,1.0,8.01
7924,793,1.5,7.66
7925,793,2.0,7.1
7926,793,2.5,6.85
7927,793,3.0,7.43
7928,793,3.5,7.73
7929,793,4.0,6.7
7930,793,4.5,6.77
7931,794,0.0,7.83
7932,794,0.5,8.38
7933,794,1.0,7.24
7934,794,1.5,7.11
7935,794,2.0,6.92
7936,794,2.5,7.2
7937,794,3.0,6.7
7938,794,3.5,7.49
7939,794,4.0,6.38
7940,794,4.5,6.35
7941,795,0.0,8.06
7942,795,0.5,7.28
7943,795,1.0,8.28
7944,795,1.5,8.5
7945,795,2.0,7.4
7946,795,2.5,8.17
7947,795,3.0,6.52
7948,795,3.5,6.88
7949,795,4.0,6.2
7950,795,4.5,6.72
7951,796,0.0,9.0
7952,796,0.5,8.85
7953,796,1.0,8.42
7954,796,1.5,7.55
7955,796,2.0,7.03
7956,796,2.5,7.63
7957,796,3.0,7.35
7958,796,3.5,6.5
7959,796,4.0,7.93
7960,796,4.5,7.49
7961,797,0.0,8.89
7962,797,0.5,8.24
7963,797,1.0,6.96
7964,797,1.5,7.17
7965,797,2.0,8.44
7966,797,2.5,7.07
7967,797,3.0,8.39
7968,797,3.5,7.99
7969,797,4.0,6.92
7970,797,4.5,8.06
7971,798,0.0,7.86
7972,798,0.5,8.17
7973,798,1.0,7.24
7974,798,1.5,7.99
7975,798,2.0,7.1
7976,798,2.5,7.79
7977,798,3.0,7.97
7978,798,3.5,7.37
7979,798,4.0,6.43
7980,798,4.5,6.33
7981,799,0.0,7.97
7982,799,0.5,8.82
7983,799,1.0,8.68
7984,799,1.5,6.72
7985,799,2.0,8.08
7986,799,2.5,7.54
7987,799,3.0,7.23
7988,799,3.5,7.22
7989,799,4.0,6.88
7990,799,4.5,7.41
7991,800,0.0,7.06
7992,800,0.5,8.65
7993,800,1.0,8.72
7994,800,1.5,7.54
7995,800,2.0,7.02
7996,800,2.5,6.83
7997,800,3.0,7.02
7998,800,3.5,7.94
7999,800,4.0,7.19
8000,800,4.5,7.67
8001,801,0.0,7.78
8002,801,0.5,8.21
8003,801,1.0,8.25
8004,801,1.5,7.69
8005,801,2.0,8.14
8006,801,2.5,7.02
8007,801,3.0,7.33
8008,801,3.5,6.52
8009,801,4.0,7.79
8010,801,4.5,6.94
8011,802,0.0,8.77
8012,802,0.5,8.86
8013,802,1.0,7.02
8014,802,1.5,7.56
8015,802,2.0,8.27
8016,802,2.5,8.47
8017,802,3.0,7.92
8018,802,3.5,7.25
8019,802,4.0,7.73
8020,802,4.5,7.63
8021,803,0.0,8.03
8022,803,0.5,7.71
8023,803,1.0,6.99
8024,803,1.5,7.08
8025,803,2.0,6.7
8026,803,2.5,7.27
8027,803,3.0,6.97
8028,803,3.5,7.0
8029,803,4.0,6.92
8030,803,4.5,6.64
8031,804,0.0,8.8
8032,804,0.5,8.85
8033,804,1.0,8.42
8034,804,1.5,8.64
8035,804,2.0,8.6
8036,804,2.5,7.06
8037,804,3.0,8.09
8038,804,3.5,7.35
8039,804,4.0,6.46
8040,804,4.5,6.22
8041,805,0.0,8.24
8042,805,0.5,8.64
8043,805,1.0,7.4
8044,805,1.5,8.52
8045,805,2.0,7.36
8046,805,2.5,7.32
8047,805,3.0,7.81
8048,805,3.5,6.54
8049,805,4.0,7.45
8050,805,4.5,7.4
8051,806,0.0,8.78
8052,806,0.5,8.64
8053,806,1.0,6.81
8054,806,1.5,7.8
8055,806,2.0,7.35
8056,806,2.5,6.99
8057,806,3.0,8.28
8058,806,3.5,6.66
8059,806,4.0,6.27
8060,806,4.5,7.55
8061,807,0.0,8.84
8062,807,0.5,7.25
8063,807,1.0,8.31
8064,807,1.5,8.53
8065,807,2.0,6.84
8066,807,2.5,7.5
8067,807,3.0,8.38
8068,807,3.5,7.53
8069,807,4.0,7.74
8070,807,4.5,6.67
8071,808,0.0,7.22
8072,808,0.5,7.63
8073,808,1.0,8.42
8074,808,1.5,8.09
8075,808,2.0,7.83
8076,808,2.5,7.25
8077,808,3.0,7.06
8078,808,3.5,6.33
8079,808,4.0,7.66
8080,808,4.5,6.21
8081,809,0.0,7.72
8082,809,0.5,7.21
8083,809,1.0,8.65
8084,809,1.5,7.96
8085,809,2.0,8.17
8086,809,2.5,7.13
8087,809,3.0,7.35
8088,809,3.5,7.02
8089,809,4.0,7.07
8090,809,4.5,6.3
8091,810,0.0,8.1
8092,810,0.5,8.02
8093,810,1.0,7.4
8094,810,1.5,7.41
8095,810,2.0,7.62
8096,810,2.5,7.38
8097,810,3.0,7.36
8098,810,3.5,8.06
8099,810,4.0,6.66
8100,810,4.5,7.5
8101,811,0.0,7.91
8102,811,0.5,7.57
8103,811,1.0,8.7
8104,811,1.5,7.62
8105,811,2.0,6.74
8106,811,2.5,8.4
8107,811,3.0,6.98
8108,811,3.5,7.27
8109,811,4.0,7.1
8110,811,4.5,7.37
8111,812,0.0,7.74
8112,812,0.5,8.22
8113,812,1.0,7.65
8114,812,1.5,8.58
8115,812,2.0,7.53
8116,812,2.5,8.45
8117,812,3.0,7.24
8118,812,3.5,7.08
8119,812,4.0,6.76
8120,812,4.5,6.93
8121,813,0.0,7.37
8122,813,0.5,7.4
8123,813,1.0,6.85
8124,813,1.5,7.88
8125,813,2.0,8.33
8126,813,2.5,7.4
8127,813,3.0,6.87
8128,813,3.5,7.02
8129,813,4.0,6.84
8130,813,4.5,6.77
8131,814,0.0,7.86
8132,814,0.5,7.02
8133,814,1.0,7.24
8134,814,1.5,7.91
8135,814,2.0,7.18
8136,814,2.5,7.07
8137,814,3.0,6.46
8138,814,3.5,6.8
8139,814,4.0,7.49
8140,814,4.5,6.96
8141,815,0.0,7.35
8142,815,0.5,8.56
8143,815,1.0,7.58
8144,815,1.5,8.41
8145,815,2.0,8.37
8146,815,2.5,8.2
8147,815,3.0,6.65
8148,815,3.5,8.3
8149,815,4.0,6.28
8150,815,4.5,7.74
8151,816,0.0,7.66
8152,816,0.5,7.26
8153,816,1.0,7.3
8154,816,1.5,7.53
8155,816,2.0,7.54
8156,816,2.5,7.69
8157,816,3.0,6.66
8158,816,3.5,7.71
8159,816,4.0,8.04
8160,816,4.5,7.95
8161,817,0.0,8.83
8162,817,0.5,7.21
8163,817,1.0,6.84
8164,817,1.5,7.14
8165,817,2.0,7.62
8166,817,2.5,8.4
8167,817,3.0,7.22
8168,817,3.5,8.26
8169,817,4.0,7.35
8170,817,4.5,6.73
8171,818,0.0,7.61
8172,818,0.5,7.97
8173,818,1.0,7.78
8174,818,1.5,8.49
8175,818,2.0,7.32
8176,818,2.5,7.38
8177,818,3.0,8.21
8178,818,3.5,8.2
8179,818,4.0,6.36
8180,818,4.5,7.6
8181,819,0.0,7.98
8182,819,0.5,8.51
8183,819,1.0,6.84
8184,819,1.5,8.67
8185,819,2.0,6.61
8186,819,2.5,7.68
8187,819,3.0,7.16
8188,819,3.5,6.47
8189,819,4.0,6.81
8190,819,4.5,7.83
8191,820,0.0,8.39
8192,820,0.5,8.39
8193,820,1.0,7.93
8194,820,1.5,7.88
8195,820,2.0,8.57
8196,820,2.5,6.59
8197,820,3.0,7.19
8198,820,3.5,6.39
8199,820,4.0,6.7
8200,820,4.5,7.88
8201,821,0.0,7.62
8202,821,0.5,7.61
8203,821,1.0,7.33
8204,821,1.5,7.85
8205,821,2.0,7.05
8206,821,2.5,6.62
8207,821,3.0,7.22
8208,821,3.5,6.89
8209,821,4.0,6.26
8210,821,4.5,6.18
8211,822,0.0,8.75
8212,822,0.5,8.13
8213,822,1.0,8.18
8214,822,1.5,7.41
8215,822,2.0,7.97
8216,822,2.5,8.16
8217,822,3.0,8.3
8218,822,3.5,6.86
8219,822,4.0,6.54
8220,822,4.5,7.13
8221,823,0.0,8.25
8222,823,0.5,8.37
8223,823,1.0,8.47
8224,823,1.5,8.25
8225,823,2.0,8.45
8226,823,2.5,7.68
8227,823,3.0,7.41
8228,823,3.5,7.48
8229,823,4.0,7.73
8230,823,4.5,7.71
8231,824,0.0,7.79
8232,824,0.5,8.02
8233,824,1.0,7.05
8234,824,1.5,8.45
8235,824,2.0,7.05
8236,824,2.5,7.74
8237,824,3.0,7.3
8238,824,3.5,7.84
8239,824,4.0,8.08
8240,824,4.5,6.31
8241,825,0.0,8.65
8242,825,0.5,7.26
8243,825,1.0,8.67
8244,825,1.5,7.5
8245,825,2.0,8.34
8246,825,2.5,8.25
8247,825,3.0,6.4
8248,825,3.5,6.49
8249,825,4.0,8.12
8250,825,4.5,6.91
8251,826,0.0,8.29
8252,826,0.5,7.81
8253,826,1.0,7.79
8254,826,1.5,8.01
8255,826,2.0,6.92
8256,826,2.5,7.85
8257,826,3.0,6.86
8258,826,3.5,7.58
8259,826,4.0,7.11
8260,826,4.5,7.96
8261,827,0.0,7.69
8262,827,0.5,6.92
8263,827,1.0,8.21
8264,827,1.5,8.38
8265,827,2.0,7.3
8266,827,2.5,8.09
8267,827,3.0,7.56
8268,827,3.5,8.07
8269,827,4.0,7.41
8270,827,4.5,7.88
8271,828,0.0,8.9
8272,828,0.5,8.18
8273,828,1.0,8.07
8274,828,1.5,7.16
8275,828,2.0,8.46
8276,828,2.5,8.23
8277,828,3.0,6.57
8278,828,3.5,8.27
8279,828,4.0,6.34
8280,828,4.5,6.97
8281,829,0.0,8.14
8282,829,0.5,8.33
8283,829,1.0,6.84
8284,829,1.5,7.47
8285,829,2.0,7.69
8286,829,2.5,8.29
8287,829,3.0,7.1
8288,829,3.5,7.73
8289,829,4.0,8.01
8290,829,4.5,6.92
8291,830,0.0,7.59
8292,830,0.5,7.89
8293,830,1.0,8.18
8294,830,1.5,7.11
8295,830,2.0,7.84
8296,830,2.5,8.47
8297,830,3.0,7.37
8298,830,3.5,7.84
8299,830,4.0,6.39
8300,830,4.5,7.33
8301,831,0.0,8.2
8302,831,0.5,6.99
8303,831,1.0,6.96
8304,831,1.5,8.69
8305,831,2.0,8.38
8306,831,2.5,6.94
8307,831,3.0,7.47
8308,831,3.5,7.99
8309,831,4.0,6.86
8310,831,4.5,7.05
8311,832,0.0,7.58
8312,832,0.5,8.13
8313,832,1.0,7.58
8314,832,1.5,6.91
8315,832,2.0,7.94
8316,832,2.5,8.24
8317,832,3.0,8.34
8318,832,3.5,6.74
8319,832,4.0,7.63
8320,832,4.5,6.3
8321,833,0.0,7.74
8322,833,0.5,8.61
8323,833,1.0,7.09
8324,833,1.5,8.6
8325,833,2.0,7.52
8326,833,2.5,8.01
8327,833,3.0,7.51
8328,833,3.5,7.98
8329,833,4.0,7.05
8330,833,4.5,6.14
8331,834,0.0,7.47
8332,834,0.5,7.36
8333,834,1.0,7.69
8334,834,1.5,8.44
8335,834,2.0,8.52
8336,834,2.5,7.3
8337,834,3.0,8.16
8338,834,3.5,8.23
8339,834,4.0,7.34
8340,834,4.5,6.27
8341,835,0.0,8.52
8342,835,0.5,8.23
8343,835,1.0,7.22
8344,835,1.5,8.01
8345,835,2.0,7.76
8346,835,2.5,7.77
8347,835,3.0,7.24
8348,835,3.5,7.75
8349,835,4.0,6.37
8350,835,4.5,6.43
8351,836,0.0,7.29
8352,836,0.5,7.84
8353,836,1.0,7.38
8354,836,1.5,8.4
8355,836,2.0,7.41
8356,836,2.5,6.57
8357,836,3.0,7.87
8358,836,3.5,6.33
8359,836,4.0,7.18
8360,836,4.5,7.28
8361,837,0.0,8.79
8362,837,0.5,7.67
8363,837,1.0,7.2
8364,837,1.5,7.78
8365,837,2.0,8.39
8366,837,2.5,6.69
8367,837,3.0,6.47
8368,837,3.5,6.97
8369,837,4.0,7.03
8370,837,4.5,6.75
8371,838,0.0,8.82
8372,838,0.5,8.73
8373,838,1.0,7.87
8374,838,1.5,6.78
8375,838,2.0,7.13
8376,838,2.5,7.57
8377,838,3.0,7.8
8378,838,3.5,7.59
8379,838,4.0,6.63
8380,838,4.5,7.94
8381,839,0.0,7.08
8382,839,0.5,7.5
8383,839,1.0,7.84
8384,839,1.5,7.63
8385,839,2.0,7.92
8386,839,2.5,8.0
8387,839,3.0,8.31
8388,839,3.5,8.11
8389,839,4.0,7.85
8390,839,4.5,7.29
8391,840,0.0,8.66
8392,840,0.5,8.55
8393,840,1.0,8.43
8394,840,1.5,8.35
8395,840,2.0,7.98
8396,840,2.5,8.23
8397,840,3.0,7.76
8398,840,3.5,7.8
8399,840,4.0,6.74
8400,840,4.5,8.02
8401,841,0.0,8.81
8402,841,0.5,8.72
8403,841,1.0,7.41
8404,841,1.5,8.08
8405,841,2.0,7.6
8406,841,2.5,8.1
8407,841,3.0,8.38
8408,841,3.5,7.06
8409,841,4.0,7.75
8410,841,4.5,6.19
8411,842,0.0,8.99
8412,842,0.5,7.55
8413,842,1.0,7.71
8414,842,1.5,8.16
8415,842,2.0,6.83
8416,842,2.5,8.03
8417,842,3.0,8.07
8418,842,3.5,6.74
8419,842,4.0,6.78
8420,842,4.5,7.56
8421,843,0.0,7.64
8422,843,0.5,7.51
8423,843,1.0,7.24
8424,843,1.5,6.75
8425,843,2.0,7.95
8426,843,2.5,7.58
8427,843,3.0,6.9
8428,843,3.5,6.57
8429,843,4.0,7.62
8430,843,4.5,7.69
8431,844,0.0,7.91
8432,844,0.5,8.02
8433,844,1.0,7.09
8434,844,1.5,8.25
8435,844,2.0,7.77
8436,844,2.5,7.72
8437,844,3.0,6.47
8438,844,3.5,7.47
8439,844,4.0,7.61
8440,844,4.5,7.22
8441,845,0.0,7.79
8442,845,0.5,8.56
8443,845,1.0,8.23
8444,845,1.5,6.85
8445,845,2.0,6.71
8446,845,2.5,7.46
8447,845,3.0,7.74
8448,845,3.5,6.32
8449,845,4.0,7.93
8450,845,4.5,7.0
8451,846,0.0,7.78
8452,846,0.5,8.1
8453,846,1.0,7.25
8454,846,1.5,7.41
8455,846,2.0,7.83
8456,846,2.5,8.04
8457,846,3.0,6.43
8458,846,3.5,6.92
8459,846,4.0,7.86
8460,846,4.5,6.97
8461,847,0.0,8.53
8462,847,0.5,7.73
8463,847,1.0,7.92
8464,847,1.5,8.4
8465,847,2.0,7.36
8466,847,2.5,8.12
8467,847,3.0,8.22
8468,847,3.5,8.01
8469,847,4.0,7.73
8470,847,4.5,6.82
8471,848,0.0,8.71
8472,848,0.5,7.76
8473,848,1.0,6.9
8474,848,1.5,6.86
8475,848,2.0,8.27
8476,848,2.5,6.92
8477,848,3.0,6.9
8478,848,3.5,7.36
8479,848,4.0,7.35
8480,848,4.5,7.22
8481,849,0.0,8.39
8482,849,0.5,7.54
8483,849,1.0,8.14
8484,849,1.5,8.62
8485,849,2.0,7.94
8486,849,2.5,8.2
8487,849,3.0,8.23
8488,849,3.5,6.92
8489,849,4.0,8.1
8490,849,4.5,7.16
8491,850,0.0,8.86
8492,850,0.5,8.09
8493,850,1.0,6.98
8494,850,1.5,8.38
8495,850,2.0,8.13
8496,850,2.5,6.99
8497,850,3.0,7.31
8498,850,3.5,6.47
8499,850,4.0,6.93
8500,850,4.5,7.57
8501,851,0.0,7.48
8502,851,0.5,6.98
8503,851,1.0,8.02
8504,851,1.5,7.08
8505,851,2.0,6.63
8506,851,2.5,6.79
8507,851,3.0,6.77
8508,851,3.5,6.97
8509,851,4.0,7.43
8510,851,4.5,7.64
8511,852,0.0,7.04
8512,852,0.5,7.5
8513,852,1.0,7.04
8514,852,1.5,8.15
8515,852,2.0,8.02
8516,852,2.5,8.24
8517,852,3.0,7.6
8518,852,3.5,7.85
8519,852,4.0,7.57
8520,852,4.5,6.26
8521,853,0.0,8.6
8522,853,0.5,8.39
8523,853,1.0,8.76
8524,853,1.5,7.46
8525,853,2.0,7.71
8526,853,2.5,7.11
8527,853,3.0,8.02
8528,853,3.5,7.23
8529,853,4.0,6.78
8530,853,4.5,6.98
8531,854,0.0,7.36
8532,854,0.5,7.81
8533,854,1.0,7.75
8534,854,1.5,8.46
8535,854,2.0,7.25
8536,854,2.5,8.11
8537,854,3.0,6.66
8538,854,3.5,7.48
8539,854,4.0,8.1
8540,854,4.5,6.31
8541,855,0.0,7.08
8542,855,0.5,7.44
8543,855,1.0,8.33
8544,855,1.5,7.53
8545,855,2.0,7.17
8546,855,2.5,8.37
8547,855,3.0,6.92
8548,855,3.5,7.15
8549,855,4.0,8.09
8550,855,4.5,7.04
8551,856,0.0,7.47
8552,856,0.5,8.19
8553,856,1.0,8.3
8554,856,1.5,8.55
8555,856,2.0,7.22
8556,856,2.5,7.95
8557,856,3.0,6.63
8558,856,3.5,7.27
8559,856,4.0,7.3
8560,856,4.5,6.88
8561,857,0.0,7.27
8562,857,0.5,6.93
8563,857,1.0,7.35
8564,857,1.5,7.71
8565,857,2.0,6.94
8566,857,2.5,7.94
8567,857,3.0,7.95
8568,857,3.5,7.95
8569,857,4.0,6.86
8570,857,4.5,7.37
8571,858,0.0,7.1
8572,858,0.5,7.69
8573,858,1.0,8.53
8574,858,1.5,7.07
8575,858,2.0,7.48
8576,858,2.5,7.51
8577,858,3.0,6.92
8578,858,3.5,6.59
8579,858,4.0,6.86
8580,858,4.5,7.65
8581,859,0.0,7.49
8582,859,0.5,7.52
8583,859,1.0,7.86
8584,859,1.5,7.6
8585,859,2.0,8.52
8586,859,2.5,7.98
8587,859,3.0,7.15
8588,859,3.5,6.37
8589,859,4.0,7.19
8590,859,4.5,6.69
8591,860,0.0,8.42
8592,860,0.5,7.3
8593,860,1.0,8.39
8594,860,1.5,7.92
8595,860,2.0,7.37
8596,860,2.5,8.09
8597,860,3.0,8.16
8598,860,3.5,7.44
8599,860,4.0,7.06
8600,860,4.5,7.85
8601,861,0.0,8.32
8602,861,0.5,8.14
8603,861,1.0,8.13
8604,861,1.5,8.05
8605,861,2.0,8.25
8606,861,2.5,8.44
8607,861,3.0,7.9
8608,861,3.5,8.07
8609,861,4.0,7.84
8610,861,4.5,7.74
8611,862,0.0,8.33
8612,862,0.5,7.4
8613,862,1.0,7.42
8614,862,1.5,7.72
8615,862,2.0,7.13
8616,862,2.5,8.01
8617,862,3.0,6.99
8618,862,3.5,7.66
8619,862,4.0,7.17
8620,862,4.5,7.94
8621,863,0.0,8.8
8622,863,0.5,7.96
8623,863,1.0,8.74
8624,863,1.5,7.93
8625,863,2.0,7.79
8626,863,2.5,7.75
8627,863,3.0,7.3
8628,863,3.5,6.89
8629,863,4.0,7.3
8630,863,4.5,7.52
8631,864,0.0,8.09
8632,864,0.5,7.25
8633,864,1.0,8.52
8634,864,1.5,8.25
8635,864,2.0,6.63
8636,864,2.5,8.47
8637,864,3.0,6.49
8638,864,3.5,7.39
8639,864,4.0,8.1
8640,864,4.5,7.55
8641,865,0.0,7.31
8642,865,0.5,7.97
8643,865,1.0,7.93
8644,865,1.5,7.33
8645,865,2.0,8.44
8646,865,2.5,8.24
8647,865,3.0,8.2
8648,865,3.5,6.97
8649,865,4.0,6.65
8650,865,4.5,7.36
8651,866,0.0,7.56
8652,866,0.5,6.95
8653,866,1.0,8.35
8654,866,1.5,8.65
8655,866,2.0,6.91
8656,866,2.5,8.5
8657,866,3.0,7.13
8658,866,3.5,7.45
8659,866,4.0,7.09
8660,866,4.5,7.4
8661,867,0.0,7.02
8662,867,0.5,7.55
8663,867,1.0,7.17
8664,867,1.5,7.91
8665,867,2.0,6.84
8666,867,2.5,7.0
8667,867,3.0,7.23
8668,867,3.5,8.07
8669,867,4.0,6.23
8670,867,4.5,7.16
8671,868,0.0,8.11
8672,868,0.5,7.24
8673,868,1.0,7.71
8674,868,1.5,6.8
8675,868,2.0,6.76
8676,868,2.5,7.82
8677,868,3.0,8.39
8678,868,3.5,6.9
8679,868,4.0,6.75
8680,868,4.5,6.43
8681,869,0.0,8.15
8682,869,0.5,7.93
8683,869,1.0,7.3
8684,869,1.5,7.71
8685,869,2.0,6.96
8686,869,2.5,7.71
8687,869,3.0,7.16
8688,869,3.5,6.49
8689,869,4.0,6.29
8690,869,4.5,8.01
8691,870,0.0,7.85
8692,870,0.5,8.6
8693,870,1.0,6.86
8694,870,1.5,6.83
8695,870,2.0,6.65
8696,870,2.5,8.5
8697,870,3.0,7.58
8698,870,3.5,7.75
8699,870,4.0,6.71
8700,870,4.5,7.07
8701,871,0.0,7.32
8702,871,0.5,7.86
8703,871,1.0,8.56
8704,871,1.5,7.79
8705,871,2.0,6.81
8706,871,2.5,7.89
8707,871,3.0,8.12
8708,871,3.5,6.34
8709,871,4.0,6.75
8710,871,4.5,7.45
8711,872,0.0,7.25
8712,872,0.5,7.94
8713,872,1.0,8.52
8714,872,1.5,6.71
8715,872,2.0,7.16
8716,872,2.5,7.64
8717,872,3.0,7.79
8718,872,3.5,7.37
8719,872,4.0,7.96
8720,872,4.5,6.29
8721,873,0.0,8.84
8722,873,0.5,8.09
8723,873,1.0,7.93
8724,873,1.5,6.74
8725,873,2.0,7.8
8726,873,2.5,8.39
8727,873,3.0,7.62
8728,873,3.5,8.28
8729,873,4.0,7.15
8730,873,4.5,6.26
8731,874,0.0,8.71
8732,874,0.5,8.22
8733,874,1.0,8.33
8734,874,1.5,7.34
8735,874,2.0,7.24
8736,874,2.5,7.89
8737,874,3.0,7.24
8738,874,3.5,7.72
8739,874,4.0,7.88
8740,874,4.5,6.81
8741,875,0.0,8.02
8742,875,0.5,7.31
8743,875,1.0,8.08
8744,875,1.5,7.75
8745,875,2.0,6.98
8746,875,2.5,6.77
8747,875,3.0,6.51
8748,875,3.5,6.42
8749,875,4.0,7.35
8750,875,4.5,6.26
8751,876,0.0,7.87
8752,876,0.5,7.35
8753,876,1.0,6.88
8754,876,1.5,8.32
8755,876,2.0,7.2
8756,876,2.5,7.28
8757,876,3.0,7.11
8758,876,3.5,7.45
8759,876,4.0,7.48
8760,876,4.5,6.19
8761,877,0.0,7.23
8762,877,0.5,7.67
8763,877,1.0,8.36
8764,877,1.5,7.02
8765,877,2.0,7.52
8766,877,2.5,6.74
8767,877,3.0,6.81
8768,877,3.5,7.39
8769,877,4.0,7.57
8770,877,4.5,6.2
8771,878,0.0,7.21
8772,878,0.5,7.88
8773,878,1.0,7.07
8774,878,1.5,7.47
8775,878,2.0,7.67
8776,878,2.5,6.95
8777,878,3.0,7.1
8778,878,3.5,7.45
8779,878,4.0,7.85
8780,878,4.5,6.15
8781,879,0.0,7.67
8782,879,0.5,7.41
8783,879,1.0,7.17
8784,879,1.5,7.51
8785,879,2.0,6.98
8786,879,2.5,8.02
8787,879,3.0,7.13
8788,879,3.5,7.85
8789,879,4.0,8.04
8790,879,4.5,7.56
8791,880,0.0,7.98
8792,880,0.5,7.99
8793,880,1.0,8.11
8794,880,1.5,6.8
8795,880,2.0,6.71
8796,880,2.5,7.91
8797,880,3.0,7.88
8798,880,3.5,8.18
8799,880,4.0,7.55
8800,880,4.5,7.47
8801,881,0.0,8.87
8802,881,0.5,8.44
8803,881,1.0,8.52
8804,881,1.5,7.17
8805,881,2.0,7.01
8806,881,2.5,8.23
8807,881,3.0,7.63
8808,881,3.5,7.94
8809,881,4.0,7.65
8810,881,4.5,7.98
8811,882,0.0,8.69
8812,882,0.5,7.18
8813,882,1.0,8.18
8814,882,1.5,7.81
8815,882,2.0,8.27
8816,882,2.5,6.86
8817,882,3.0,6.8
8818,882,3.5,8.19
8819,882,4.0,7.59
8820,882,4.5,6.3
8821,883,0.0,7.88
8822,883,0.5,7.85
8823,883,1.0,8.29
8824,883,1.5,6.76
8825,883,2.0,7.22
8826,883,2.5,7.12
8827,883,3.0,8.39
8828,883,3.5,6.68
8829,883,4.0,7.38
8830,883,4.5,7.9
8831,884,0.0,7.58
8832,884,0.5,7.07
8833,884,1.0,8.51
8834,884,1.5,7.04
8835,884,2.0,7.18
8836,884,2.5,7.75
8837,884,3.0,6.56
8838,884,3.5,6.63
8839,884,4.0,6.6
8840,884,4.5,7.34
8841,885,0.0,7.19
8842,885,0.5,7.22
8843,885,1.0,7.0
8844,885,1.5,8.32
8845,885,2.0,6.72
8846,885,2.5,7.54
8847,885,3.0,8.38
8848,885,3.5,7.32
8849,885,4.0,7.71
8850,885,4.5,6.93
8851,886,0.0,7.92
8852,886,0.5,7.56
8853,886,1.0,6.86
8854,886,1.5,8.05
8855,886,2.0,6.87
8856,886,2.5,7.16
8857,886,3.0,6.54
8858,886,3.5,6.99
8859,886,4.0,8.19
8860,886,4.5,6.14
8861,887,0.0,8.4
8862,887,0.5,7.42
8863,887,1.0,8.44
8864,887,1.5,6.79
8865,887,2.0,7.33
8866,887,2.5,7.93
8867,887,3.0,7.2
8868,887,3.5,7.28
8869,887,4.0,6.27
8870,887,4.5,6.2
8871,888,0.0,7.32
8872,888,0.5,7.22
8873,888,1.0,7.17
8874,888,1.5,8.62
8875,888,2.0,7.66
8876,888,2.5,6.8
8877,888,3.0,8.23
8878,888,3.5,8.2
8879,888,4.0,6.31
8880,888,4.5,7.89
8881,889,0.0,8.58
8882,889,0.5,8.87
8883,889,1.0,8.29
8884,889,1.5,6.81
8885,889,2.0,7.75
8886,889,2.5,6.65
8887,889,3.0,7.86
8888,889,3.5,7.7
8889,889,4.0,7.12
8890,889,4.5,7.1
8891,890,0.0,7.52
8892,890,0.5,8.47
8893,890,1.0,8.62
8894,890,1.5,7.32
8895,890,2.0,6.91
8896,890,2.5,8.29
8897,890,3.0,7.88
8898,890,3.5,7.93
8899,890,4.0,6.33
8900,890,4.5,6.8
8901,891,0.0,8.73
8902,891,0.5,8.23
8903,891,1.0,7.8
8904,891,1.5,6.87
8905,891,2.0,7.75
8906,891,2.5,7.19
8907,891,3.0,7.31
8908,891,3.5,8.04
8909,891,4.0,6.21
8910,891,4.5,6.7
8911,892,0.0,8.04
8912,892,0.5,8.78
8913,892,1.0,8.56
8914,892,1.5,7.98
8915,892,2.0,8.43
8916,892,2.5,8.07
8917,892,3.0,7.88
8918,892,3.5,7.03
8919,892,4.0,8.12
8920,892,4.5,8.04
8921,893,0.0,8.85
8922,893,0.5,8.54
8923,893,1.0,8.68
8924,893,1.5,7.85
8925,893,2.0,8.53
8926,893,2.5,7.13
8927,893,3.0,8.38
8928,893,3.5,6.58
8929,893,4.0,7.46
8930,893,4.5,6.97
8931,894,0.0,7.18
8932,894,0.5,8.71
8933,894,1.0,8.56
8934,894,1.5,7.86
8935,894,2.0,6.89
8936,894,2.5,7.23
8937,894,3.0,8.3
8938,894,3.5,6.43
8939,894,4.0,7.0
8940,894,4.5,7.92
8941,895,0.0,7.59
8942,895,0.5,6.95
8943,895,1.0,8.32
8944,895,1.5,7.51
8945,895,2.0,7.98
8946,895,2.5,6.67
8947,895,3.0,7.22
8948,895,3.5,6.62
8949,895,4.0,6.87
8950,895,4.5,7.1
8951,896,0.0,8.81
8952,896,0.5,7.12
8953,896,1.0,8.18
8954,896,1.5,8.06
8955,896,2.0,7.7
8956,896,2.5,7.33
8957,896,3.0,6.72
8958,896,3.5,7.75
8959,896,4.0,6.76
8960,896,4.5,6.88
8961,897,0.0,7.51
8962,897,0.5,8.51
8963,897,1.0,8.73
8964,897,1.5,8.6
8965,897,2.0,7.72
8966,897,2.5,6.68
8967,897,3.0,7.99
8968,897,3.5,6.98
8969,897,4.0,6.22
8970,897,4.5,7.87
8971,898,0.0,7.41
8972,898,0.5,8.21
8973,898,1.0,6.97
8974,898,1.5,6.97
8975,898,2.0,8.58
8976,898,2.5,7.37
8977,898,3.0,8.05
8978,898,3.5,6.41
8979,898,4.0,6.96
8980,898,4.5,6.63
8981,899,0.0,7.81
8982,899,0.5,8.07
8983,899,1.0,6.95
8984,899,1.5,8.24
8985,899,2.0,6.92
8986,899,2.5,6.82
8987,899,3.0,8.08
8988,899,3.5,8.29
8989,899,4.0,6.21
8990,899,4.5,7.07
8991,900,0.0,8.94
8992,900,0.5,7.59
8993,900,1.0,7.19
8994,900,1.5,8.59
8995,900,2.0,8.05
8996,900,2.5,6.61
8997,900,3.0,7.07
8998,900,3.5,6.5
8999,900,4.0,6.35
9000,900,4.5,7.07
9001,901,0.0,7.62
9002,901,0.5,8.09
9003,901,1.0,7.26
9004,901,1.5,7.07
9005,901,2.0,7.25
9006,901,2.5,6.52
9007,901,3.0,8.06
9008,901,3.5,8.29
9009,901,4.0,7.95
9010,901,4.5,7.63
9011,902,0.0,8.39
9012,902,0.5,8.02
9013,902,1.0,8.63
9014,902,1.5,8.12
9015,902,2.0,8.14
9016,902,2.5,7.81
9017,902,3.0,6.96
9018,902,3.5,7.2
9019,902,4.0,7.9
9020,902,4.5,6.11
9021,903,0.0,8.99
9022,903,0.5,7.62
9023,903,1.0,8.46
9024,903,1.5,7.09
9025,903,2.0,7.44
9026,903,2.5,6.78
9027,903,3.0,7.34
9028,903,3.5,6.93
9029,903,4.0,7.4
9030,903,4.5,7.58
9031,904,0.0,8.94
9032,904,0.5,7.0
9033,904,1.0,8.42
9034,904,1.5,8.66
9035,904,2.0,8.34
9036,904,2.5,6.74
9037,904,3.0,7.25
9038,904,3.5,7.88
9039,904,4.0,6.9
9040,904,4.5,7.29
9041,905,0.0,7.77
9042,905,0.5,8.56
9043,905,1.0,6.8
9044,905,1.5,7.01
9045,905,2.0,7.53
9046,905,2.5,6.56
9047,905,3.0,6.47
9048,905,3.5,7.0
9049,905,4.0,7.02
9050,905,4.5,6.38
9051,906,0.0,8.79
9052,906,0.5,8.53
9053,906,1.0,8.75
9054,906,1.5,7.94
9055,906,2.0,7.59
9056,906,2.5,7.97
9057,906,3.0,6.77
9058,906,3.5,8.08
9059,906,4.0,6.66
9060,906,4.5,7.82
9061,907,0.0,7.87
9062,907,0.5,7.23
9063,907,1.0,8.22
9064,907,1.5,8.15
9065,907,2.0,6.7
9066,907,2.5,6.77
9067,907,3.0,6.84
9068,907,3.5,6.68
9069,907,4.0,7.96
9070,907,4.5,6.14
9071,908,0.0,7.76
9072,908,0.5,7.71
9073,908,1.0,7.71
9074,908,1.5,8.08
9075,908,2.0,8.37
9076,908,2.5,7.18
9077,908,3.0,7.46
9078,908,3.5,7.88
9079,908,4.0,6.68
9080,908,4.5,7.63
9081,909,0.0,7.43
9082,909,0.5,8.64
9083,909,1.0,7.37
9084,909,1.5,7.02
9085,909,2.0,8.13
9086,909,2.5,7.16
9087,909,3.0,8.15
9088,909,3.5,7.89
9089,909,4.0,6.5
9090,909,4.5,7.1
9091,910,0.0,7.7
9092,910,0.5,7.08
9093,910,1.0,7.81
9094,910,1.5,8.2
9095,910,2.0,7.27
9096,910,2.5,6.94
9097,910,3.0,8.3
9098,910,3.5,6.79
9099,910,4.0,7.54
9100,910,4.5,7.85
9101,911,0.0,7.91
9102,911,0.5,7.83
9103,911,1.0,6.81
9104,911,1.5,8.25
9105,911,2.0,7.89
9106,911,2.5,7.78
9107,911,3.0,6.94
9108,911,3.5,7.75
9109,911,4.0,6.48
9110,911,4.5,6.23
9111,912,0.0,8.44
9112,912,0.5,7.48
9113,912,1.0,8.73
9114,912,1.5,8.65
9115,912,2.0,8.48
9116,912,2.5,8.29
9117,912,3.0,7.28
9118,912,3.5,6.7
9119,912,4.0,7.19
9120,912,4.5,7.47
9121,913,0.0,7.62
9122,913,0.5,7.76
9123,913,1.0,8.41
9124,913,1.5,6.92
9125,913,2.0,7.3
9126,913,2.5,7.8
9127,913,3.0,8.13
9128,913,3.5,8.16
9129,913,4.0,6.56
9130,913,4.5,6.32
9131,914,0.0,8.35
9132,914,0.5,7.25
9133,914,1.0,8.18
9134,914,1.5,6.74
9135,914,2.0,8.19
9136,914,2.5,8.12
9137,914,3.0,6.67
9138,914,3.5,8.0
9139,914,4.0,7.32
9140,914,4.5,7.89
9141,915,0.0,7.55
9142,915,0.5,7.52
9143,915,1.0,7.83
9144,915,1.5,6.9
9145,915,2.0,7.74
9146,915,2.5,8.02
9147,915,3.0,6.47
9148,915,3.5,7.59
9149,915,4.0,7.58
9150,915,4.5,6.49
9151,916,0.0,7.45
9152,916,0.5,8.27
9153,916,1.0,8.22
9154,916,1.5,8.24
9155,916,2.0,6.86
9156,916,2.5,7.84
9157,916,3.0,8.39
9158,916,3.5,8.07
9159,916,4.0,7.81
9160,916,4.5,7.66
9161,917,0.0,7.45
9162,917,0.5,7.29
9163,917,1.0,6.92
9164,917,1.5,8.69
9165,917,2.0,6.96
9166,917,2.5,7.67
9167,917,3.0,7.03
9168,917,3.5,6.92
9169,917,4.0,7.76
9170,917,4.5,7.34
9171,918,0.0,8.18
9172,918,0.5,7.74
9173,918,1.0,7.75
9174,918,1.5,8.4
9175,918,2.0,7.93
9176,918,2.5,8.22
9177,918,3.0,8.01
9178,918,3.5,7.91
9179,918,4.0,6.6
9180,918,4.5,7.21
9181,919,0.0,7.62
9182,919,0.5,8.62
9183,919,1.0,7.65
9184,919,1.5,8.63
9185,919,2.0,7.4
9186,919,2.5,7.92
9187,919,3.0,7.93
9188,919,3.5,7.76
9189,919,4.0,7.68
9190,919,4.5,6.56
9191,920,0.0,8.19
9192,920,0.5,7.35
9193,920,1.0,6.91
9194,920,1.5,8.23
9195,920,2.0,7.34
9196,920,2.5,7.33
9197,920,3.0,7.97
9198,920,3.5,8.02
9199,920,4.0,7.93
9200,920,4.5,7.45
9201,921,0.0,8.29
9202,921,0.5,8.0
9203,921,1.0,7.22
9204,921,1.5,8.55
9205,921,2.0,8.58
9206,921,2.5,7.24
9207,921,3.0,7.03
9208,921,3.5,8.19
9209,921,4.0,7.97
9210,921,4.5,7.01
9211,922,0.0,7.62
9212,922,0.5,7.3
9213,922,1.0,7.66
9214,922,1.5,8.59
9215,922,2.0,8.42
9216,922,2.5,8.34
9217,922,3.0,6.53
9218,922,3.5,7.08
9219,922,4.0,6.58
9220,922,4.5,6.45
9221,923,0.0,7.26
9222,923,0.5,7.34
9223,923,1.0,8.47
9224,923,1.5,7.77
9225,923,2.0,7.44
9226,923,2.5,8.18
9227,923,3.0,7.47
9228,923,3.5,8.14
9229,923,4.0,8.11
9230,923,4.5,8.06
9231,924,0.0,8.58
9232,924,0.5,7.53
9233,924,1.0,7.76
9234,924,1.5,6.95
9235,924,2.0,8.38
9236,924,2.5,7.03
9237,924,3.0,6.72
9238,924,3.5,6.89
9239,924,4.0,6.36
9240,924,4.5,7.79
9241,925,0.0,8.03
9242,925,0.5,7.34
9243,925,1.0,6.92
9244,925,1.5,7.31
9245,925,2.0,7.89
9246,925,2.5,7.9
9247,925,3.0,7.99
9248,925,3.5,7.14
9249,925,4.0,7.67
9250,925,4.5,6.49
9251,926,0.0,8.23
9252,926,0.5,8.74
9253,926,1.0,8.0
9254,926,1.5,7.37
9255,926,2.0,6.64
9256,926,2.5,8.29
9257,926,3.0,7.67
9258,926,3.5,6.94
9259,926,4.0,8.12
9260,926,4.5,6.97
9261,927,0.0,7.04
9262,927,0.5,8.75
9263,927,1.0,7.84
9264,927,1.5,7.16
9265,927,2.0,8.3
9266,927,2.5,7.24
9267,927,3.0,7.98
9268,927,3.5,7.93
9269,927,4.0,6.24
9270,927,4.5,7.29
9271,928,0.0,8.91
9272,928,0.5,8.77
9273,928,1.0,7.93
9274,928,1.5,6.99
9275,928,2.0,7.38
9276,928,2.5,6.92
9277,928,3.0,7.47
9278,928,3.5,7.55
9279,928,4.0,7.84
9280,928,4.5,7.85
9281,929,0.0,8.94
9282,929,0.5,7.22
9283,929,1.0,8.58
9284,929,1.5,8.11
9285,929,2.0,8.11
9286,929,2.5,8.17
9287,929,3.0,7.29
9288,929,3.5,7.88
9289,929,4.0,7.24
9290,929,4.5,7.14
9291,930,0.0,7.33
9292,930,0.5,7.61
9293,930,1.0,8.11
9294,930,1.5,7.08
9295,930,2.0,6.76
9296,930,2.5,7.04
9297,930,3.0,6.45
9298,930,3.5,6.87
9299,930,4.0,8.13
9300,930,4.5,8.02
9301,931,0.0,7.2
9302,931,0.5,7.18
9303,931,1.0,7.63
9304,931,1.5,8.05
9305,931,2.0,6.71
9306,931,2.5,7.34
9307,931,3.0,6.49
9308,931,3.5,8.01
9309,931,4.0,6.31
9310,931,4.5,6.78
9311,932,0.0,7.52
9312,932,0.5,7.97
9313,932,1.0,7.72
9314,932,1.5,7.04
9315,932,2.0,8.22
9316,932,2.5,6.71
9317,932,3.0,7.72
9318,932,3.5,7.0
9319,932,4.0,6.29
9320,932,4.5,6.11
9321,933,0.0,7.76
9322,933,0.5,7.53
9323,933,1.0,7.6
9324,933,1.5,7.96
9325,933,2.0,8.38
9326,933,2.5,8.5
9327,933,3.0,7.05
9328,933,3.5,7.39
9329,933,4.0,7.23
9330,933,4.5,6.7
9331,934,0.0,7.41
9332,934,0.5,7.43
9333,934,1.0,7.65
9334,934,1.5,8.55
9335,934,2.0,6.98
9336,934,2.5,7.19
9337,934,3.0,7.52
9338,934,3.5,7.31
9339,934,4.0,8.18
9340,934,4.5,7.37
9341,935,0.0,7.89
9342,935,0.5,7.38
9343,935,1.0,7.07
9344,935,1.5,6.87
9345,935,2.0,7.04
9346,935,2.5,8.38
9347,935,3.0,6.86
9348,935,3.5,6.36
9349,935,4.0,6.2
9350,935,4.5,7.97
9351,936,0.0,7.98
9352,936,0.5,7.64
9353,936,1.0,7.48
9354,936,1.5,7.19
9355,936,2.0,7.28
9356,936,2.5,7.58
9357,936,3.0,7.94
9358,936,3.5,6.61
9359,936,4.0,6.46
9360,936,4.5,6.99
9361,937,0.0,8.07
9362,937,0.5,8.06
9363,937,1.0,8.63
9364,937,1.5,7.12
9365,937,2.0,7.48
9366,937,2.5,7.53
9367,937,3.0,7.97
9368,937,3.5,6.31
9369,937,4.0,7.77
9370,937,4.5,7.26
9371,938,0.0,8.54
9372,938,0.5,7.12
9373,938,1.0,6.88
9374,938,1.5,7.25
9375,938,2.0,8.14
9376,938,2.5,7.33
9377,938,3.0,7.01
9378,938,3.5,7.82
9379,938,4.0,7.82
9380,938,4.5,6.61
9381,939,0.0,7.24
9382,939,0.5,8.57
9383,939,1.0,7.12
9384,939,1.5,8.58
9385,939,2.0,8.45
9386,939,2.5,8.22
9387,939,3.0,7.09
9388,939,3.5,7.56
9389,939,4.0,6.58
9390,939,4.5,7.2
9391,940,0.0,8.71
9392,940,0.5,7.57
9393,940,1.0,7.98
9394,940,1.5,7.87
9395,940,2.0,6.89
9396,940,2.5,7.05
9397,940,3.0,7.47
9398,940,3.5,6.45
9399,940,4.0,7.64
9400,940,4.5,7.71
9401,941,0.0,8.72
9402,941,0.5,7.7
9403,941,1.0,7.71
9404,941,1.5,7.13
9405,941,2.0,7.47
9406,941,2.5,6.59
9407,941,3.0,6.85
9408,941,3.5,7.98
9409,941,4.0,7.23
9410,941,4.5,6.17
9411,942,0.0,8.01
9412,942,0.5,7.55
9413,942,1.0,7.35
9414,942,1.5,7.03
9415,942,2.0,6.68
9416,942,2.5,7.75
9417,942,3.0,8.38
9418,942,3.5,6.58
9419,942,4.0,7.23
9420,942,4.5,6.97
9421,943,0.0,8.9
9422,943,0.5,8.28
9423,943,1.0,7.73
9424,943,1.5,7.74
9425,943,2.0,8.46
9426,943,2.5,7.8
9427,943,3.0,8.18
9428,943,3.5,7.56
9429,943,4.0,6.9
9430,943,4.5,7.51
9431,944,0.0,8.12
9432,944,0.5,8.81
9433,944,1.0,7.83
9434,944,1.5,8.7
9435,944,2.0,7.0
9436,944,2.5,6.69
9437,944,3.0,8.26
9438,944,3.5,7.88
9439,944,4.0,8.03
9440,944,4.5,6.11
9441,945,0.0,7.46
9442,945,0.5,8.44
9443,945,1.0,7.92
9444,945,1.5,8.05
9445,945,2.0,7.31
9446,945,2.5,8.32
9447,945,3.0,6.63
9448,945,3.5,6.38
9449,945,4.0,7.49
9450,945,4.5,7.43
9451,946,0.0,7.24
9452,946,0.5,8.47
9453,946,1.0,8.34
9454,946,1.5,7.44
9455,946,2.0,7.74
9456,946,2.5,8.07
9457,946,3.0,6.73
9458,946,3.5,6.92
9459,946,4.0,7.72
9460,946,4.5,6.27
9461,947,0.0,8.62
9462,947,0.5,8.8
9463,947,1.0,8.36
9464,947,1.5,7.56
9465,947,2.0,7.62
9466,947,2.5,6.89
9467,947,3.0,8.28
9468,947,3.5,6.58
9469,947,4.0,7.66
9470,947,4.5,6.92
9471,948,0.0,7.87
9472,948,0.5,8.52
9473,948,1.0,7.51
9474,948,1.5,8.26
9475,948,2.0,8.19
9476,948,2.5,8.43
9477,948,3.0,7.06
9478,948,3.5,7.53
9479,948,4.0,7.6
9480,948,4.5,7.78
9481,949,0.0,7.68
9482,949,0.5,7.24
9483,949,1.0,7.15
9484,949,1.5,7.87
9485,949,2.0,6.87
9486,949,2.5,8.47
9487,949,3.0,8.35
9488,949,3.5,7.7
9489,949,4.0,7.26
9490,949,4.5,7.08
9491,950,0.0,8.96
9492,950,0.5,7.73
9493,950,1.0,8.67
9494,950,1.5,8.5
9495,950,2.0,7.03
9496,950,2.5,6.8
9497,950,3.0,7.56
9498,950,3.5,7.85
9499,950,4.0,6.36
9500,950,4.5,6.93
9501,951,0.0,7.59
9502,951,0.5,7.42
9503,951,1.0,7.45
9504,951,1.5,8.33
9505,951,2.0,7.59
9506,951,2.5,6.7
9507,951,3.0,8.22
9508,951,3.5,7.1
9509,951,4.0,8.13
9510,951,4.5,7.97
9511,952,0.0,8.78
9512,952,0.5,7.48
9513,952,1.0,7.04
9514,952,1.5,8.13
9515,952,2.0,7.1
9516,952,2.5,6.86
9517,952,3.0,7.65
9518,952,3.5,7.91
9519,952,4.0,6.73
9520,952,4.5,6.96
9521,953,0.0,7.23
9522,953,0.5,8.14
9523,953,1.0,7.13
9524,953,1.5,6.85
9525,953,2.0,7.71
9526,953,2.5,8.37
9527,953,3.0,7.16
9528,953,3.5,7.8
9529,953,4.0,6.51
9530,953,4.5,7.08
9531,954,0.0,7.39
9532,954,0.5,7.19
9533,954,1.0,8.13
9534,954,1.5,7.28
9535,954,2.0,8.49
9536,954,2.5,7.28
9537,954,3.0,6.78
9538,954,3.5,7.72
9539,954,4.0,7.94
9540,954,4.5,7.02
9541,955,0.0,8.61
9542,955,0.5,8.03
9543,955,1.0,8.19
9544,955,1.5,7.84
9545,955,2.0,8.46
9546,955,2.5,8.38
9547,955,3.0,8.13
9548,955,3.5,8.15
9549,955,4.0,7.36
9550,955,4.5,7.5
9551,956,0.0,8.12
9552,956,0.5,8.77
9553,956,1.0,7.93
9554,956,1.5,8.3
9555,956,2.0,8.12
9556,956,2.5,8.28
9557,956,3.0,7.0
9558,956,3.5,7.3
9559,956,4.0,8.09
9560,956,4.5,6.91
9561,957,0.0,8.08
9562,957,0.5,7.69
9563,957,1.0,7.57
9564,957,1.5,8.42
9565,957,2.0,7.81
9566,957,2.5,6.96
9567,957,3.0,7.06
9568,957,3.5,6.7
9569,957,4.0,6.45
9570,957,4.5,7.76
9571,958,0.0,8.27
9572,958,0.5,7.53
9573,958,1.0,7.83
9574,958,1.5,8.04
9575,958,2.0,6.85
9576,958,2.5,6.77
9577,958,3.0,7.84
9578,958,3.5,7.66
9579,958,4.0,8.18
9580,958,4.5,6.61
9581,959,0.0,7.58
9582,959,0.5,6.94
9583,959,1.0,7.04
9584,959,1.5,8.07
9585,959,2.0,8.57
9586,959,2.5,7.46
9587,959,3.0,7.81
9588,959,3.5,6.68
9589,959,4.0,8.01
9590,959,4.5,6.84
9591,960,0.0,7.46
9592,960,0.5,8.49
9593,960,1.0,7.4
9594,960,1.5,6.81
9595,960,2.0,6.68
9596,960,2.5,7.25
9597,960,3.0,8.37
9598,960,3.5,6.92
9599,960,4.0,6.93
9600,960,4.5,6.97
9601,961,0.0,8.17
9602,961,0.5,7.17
9603,961,1.0,8.6
9604,961,1.5,7.01
9605,961,2.0,7.57
9606,961,2.5,7.0
9607,961,3.0,6.9
9608,961,3.5,7.65
9609,961,4.0,6.37
9610,961,4.5,6.34
9611,962,0.0,8.72
9612,962,0.5,7.5
9613,962,1.0,8.75
9614,962,1.5,6.75
9615,962,2.0,7.19
9616,962,2.5,7.41
9617,962,3.0,7.36
9618,962,3.5,6.8
9619,962,4.0,7.59
9620,962,4.5,8.09
9621,963,0.0,7.29
9622,963,0.5,7.4
9623,963,1.0,8.41
9624,963,1.5,8.1
9625,963,2.0,7.74
9626,963,2.5,7.56
9627,963,3.0,6.79
9628,963,3.5,8.16
9629,963,4.0,8.15
9630,963,4.5,7.65
9631,964,0.0,8.34
9632,964,0.5,8.05
9633,964,1.0,7.46
9634,964,1.5,7.81
9635,964,2.0,8.14
9636,964,2.5,7.27
9637,964,3.0,6.43
9638,964,3.5,7.2
9639,964,4.0,6.34
9640,964,4.5,7.2
9641,965,0.0,8.57
9642,965,0.5,8.79
9643,965,1.0,7.2
9644,965,1.5,8.66
9645,965,2.0,6.72
9646,965,2.5,6.99
9647,965,3.0,7.78
9648,965,3.5,6.35
9649,965,4.0,6.74
9650,965,4.5,7.96
9651,966,0.0,8.02
9652,966,0.5,8.51
9653,966,1.0,8.05
9654,966,1.5,7.47
9655,966,2.0,7.06
9656,966,2.5,7.46
9657,966,3.0,7.54
9658,966,3.5,6.66
9659,966,4.0,6.33
9660,966,4.5,7.09
9661,967,0.0,7.45
9662,967,0.5,8.07
9663,967,1.0,7.83
9664,967,1.5,7.06
9665,967,2.0,7.15
9666,967,2.5,7.38
9667,967,3.0,6.83
9668,967,3.5,6.99
9669,967,4.0,8.18
9670,967,4.5,7.18
9671,968,0.0,8.9
9672,968,0.5,7.46
9673,968,1.0,7.32
9674,968,1.5,8.27
9675,968,2.0,8.35
9676,968,2.5,8.16
9677,968,3.0,8.33
9678,968,3.5,7.75
9679,968,4.0,6.24
9680,968,4.5,6.63
9681,969,0.0,8.65
9682,969,0.5,7.02
9683,969,1.0,6.95
9684,969,1.5,8.09
9685,969,2.0,8.07
9686,969,2.5,8.31
9687,969,3.0,7.19
9688,969,3.5,7.84
9689,969,4.0,6.2
9690,969,4.5,6.68
9691,970,0.0,7.59
9692,970,0.5,7.19
9693,970,1.0,7.05
9694,970,1.5,8.69
9695,970,2.0,8.03
9696,970,2.5,8.26
9697,970,3.0,6.47
9698,970,3.5,6.47
9699,970,4.0,6.47
9700,970,4.5,6.45
9701,971,0.0,7.14
9702,971,0.5,7.36
9703,971,1.0,8.79
9704,971,1.5,6.94
9705,971,2.0,7.06
9706,971,2.5,7.52
9707,971,3.0,6.46
9708,971,3.5,8.28
9709,971,4.0,7.19
9710,971,4.5,6.69
9711,972,0.0,7.22
9712,972,0.5,6.96
9713,972,1.0,7.16
9714,972,1.5,8.51
9715,972,2.0,7.87
9716,972,2.5,7.1
9717,972,3.0,7.69
9718,972,3.5,7.74
9719,972,4.0,7.11
9720,972,4.5,8.02
9721,973,0.0,8.92
9722,973,0.5,8.5
9723,973,1.0,8.06
9724,973,1.5,8.25
9725,973,2.0,7.57
9726,973,2.5,8.48
9727,973,3.0,8.29
9728,973,3.5,8.21
9729,973,4.0,8.11
9730,973,4.5,7.44
9731,974,0.0,8.06
9732,974,0.5,8.13
9733,974,1.0,7.85
9734,974,1.5,8.45
9735,974,2.0,7.5
9736,974,2.5,7.29
9737,974,3.0,8.02
9738,974,3.5,6.72
9739,974,4.0,7.27
9740,974,4.5,7.22
9741,975,0.0,8.26
9742,975,0.5,7.64
9743,975,1.0,7.57
9744,975,1.5,8.25
9745,975,2.0,6.84
9746,975,2.5,6.97
9747,975,3.0,8.27
9748,975,3.5,7.43
9749,975,4.0,7.35
9750,975,4.5,7.05
9751,976,0.0,8.11
9752,976,0.5,7.55
9753,976,1.0,7.1
9754,976,1.5,8.06
9755,976,2.0,7.58
9756,976,2.5,7.88
9757,976,3.0,6.88
9758,976,3.5,6.66
9759,976,4.0,7.39
9760,976,4.5,7.54
9761,977,0.0,7.15
9762,977,0.5,7.84
9763,977,1.0,7.85
9764,977,1.5,8.64
9765,977,2.0,8.12
9766,977,2.5,8.19
9767,977,3.0,8.17
9768,977,3.5,7.99
9769,977,4.0,7.63
9770,977,4.5,7.03
9771,978,0.0,7.39
9772,978,0.5,7.9
9773,978,1.0,7.95
9774,978,1.5,7.4
9775,978,2.0,7.19
9776,978,2.5,8.05
9777,978,3.0,7.79
9778,978,3.5,7.23
9779,978,4.0,6.75
9780,978,4.5,6.81
9781,979,0.0,7.76
9782,979,0.5,7.5
9783,979,1.0,7.46
9784,979,1.5,6.94
9785,979,2.0,8.37
9786,979,2.5,8.33
9787,979,3.0,7.87
9788,979,3.5,8.21
9789,979,4.0,7.98
9790,979,4.5,8.06
9791,980,0.0,8.05
9792,980,0.5,8.48
9793,980,1.0,7.73
9794,980,1.5,6.82
9795,980,2.0,7.97
9796,980,2.5,8.08
9797,980,3.0,7.0
9798,980,3.5,8.22
9799,980,4.0,6.74
9800,980,4.5,7.91
9801,981,0.0,8.54
9802,981,0.5,8.81
9803,981,1.0,7.55
9804,981,1.5,7.09
9805,981,2.0,7.41
9806,981,2.5,7.72
9807,981,3.0,7.53
9808,981,3.5,6.32
9809,981,4.0,7.7
9810,981,4.5,6.16
9811,982,0.0,7.75
9812,982,0.5,7.01
9813,982,1.0,7.29
9814,982,1.5,6.77
9815,982,2.0,7.28
9816,982,2.5,7.32
9817,982,3.0,8.14
9818,982,3.5,6.84
9819,982,4.0,7.63
9820,982,4.5,7.52
9821,983,0.0,8.31
9822,983,0.5,8.32
9823,983,1.0,6.94
9824,983,1.5,7.88
9825,983,2.0,6.91
9826,983,2.5,6.94
9827,983,3.0,7.74
9828,983,3.5,7.47
9829,983,4.0,6.25
9830,983,4.5,7.35
9831,984,0.0,8.38
9832,984,0.5,7.79
9833,984,1.0,8.58
9834,984,1.5,7.82
9835,984,2.0,7.29
9836,984,2.5,7.13
9837,984,3.0,7.11
9838,984,3.5,6.45
9839,984,4.0,7.72
9840,984,4.5,6.9
9841,985,0.0,8.66
9842,985,0.5,8.03
9843,985,1.0,7.19
9844,985,1.5,7.81
9845,985,2.0,8.5
9846,985,2.5,6.64
9847,985,3.0,7.27
9848,985,3.5,6.91
9849,985,4.0,6.47
9850,985,4.5,6.72
9851,986,0.0,8.41
9852,986,0.5,7.74
9853,986,1.0,8.45
9854,986,1.5,8.06
9855,986,2.0,6.94
9856,986,2.5,8.35
9857,986,3.0,7.04
9858,986,3.5,6.94
9859,986,4.0,7.46
9860,986,4.5,6.41
9861,987,0.0,7.42
9862,987,0.5,8.53
9863,987,1.0,7.3
9864,987,1.5,8.59
9865,987,2.0,7.37
9866,987,2.5,6.54
9867,987,3.0,8.27
9868,987,3.5,7.6
9869,987,4.0,8.16
9870,987,4.5,7.35
9871,988,0.0,8.39
9872,988,0.5,7.69
9873,988,1.0,7.22
9874,988,1.5,7.35
9875,988,2.0,8.06
9876,988,2.5,7.41
9877,988,3.0,6.66
9878,988,3.5,7.34
9879,988,4.0,8.11
9880,988,4.5,6.12
9881,989,0.0,7.04
9882,989,0.5,6.94
9883,989,1.0,8.72
9884,989,1.5,7.21
9885,989,2.0,7.98
9886,989,2.5,7.9
9887,989,3.0,6.83
9888,989,3.5,8.0
9889,989,4.0,7.44
9890,989,4.5,6.67
9891,990,0.0,8.59
9892,990,0.5,8.27
9893,990,1.0,7.15
9894,990,1.5,7.85
9895,990,2.0,7.6
9896,990,2.5,6.52
9897,990,3.0,7.89
9898,990,3.5,7.99
9899,990,4.0,7.94
9900,990,4.5,7.39
9901,991,0.0,8.24
9902,991,0.5,7.59
9903,991,1.0,7.86
9904,991,1.5,6.9
9905,991,2.0,7.96
9906,991,2.5,7.49
9907,991,3.0,7.35
9908,991,3.5,6.84
9909,991,4.0,7.34
9910,991,4.5,7.86
9911,992,0.0,7.27
9912,992,0.5,7.82
9913,992,1.0,7.8
9914,992,1.5,7.25
9915,992,2.0,7.55
9916,992,2.5,6.71
9917,992,3.0,6.45
9918,992,3.5,7.77
9919,992,4.0,7.75
9920,992,4.5,6.37
9921,993,0.0,7.52
9922,993,0.5,8.22
9923,993,1.0,7.47
9924,993,1.5,8.42
9925,993,2.0,7.15
9926,993,2.5,7.35
9927,993,3.0,8.15
9928,993,3.5,7.97
9929,993,4.0,7.26
9930,993,4.5,6.39
9931,994,0.0,7.63
9932,994,0.5,7.29
9933,994,1.0,7.21
9934,994,1.5,7.27
9935,994,2.0,7.59
9936,994,2.5,8.45
9937,994,3.0,7.49
9938,994,3.5,6.53
9939,994,4.0,8.0
9940,994,4.5,6.37
9941,995,0.0,8.04
9942,995,0.5,7.46
9943,995,1.0,7.35
9944,995,1.5,8.55
9945,995,2.0,8.05
9946,995,2.5,7.62
9947,995,3.0,6.92
9948,995,3.5,7.76
9949,995,4.0,6.69
9950,995,4.5,7.43
9951,996,0.0,8.91
9952,996,0.5,7.9
9953,996,1.0,8.59
9954,996,1.5,7.79
9955,996,2.0,8.09
9956,996,2.5,7.29
9957,996,3.0,8.04
9958,996,3.5,7.86
9959,996,4.0,7.87
9960,996,4.5,7.21
9961,997,0.0,7.25
9962,997,0.5,6.9
9963,997,1.0,8.24
9964,997,1.5,7.2
9965,997,2.0,7.82
9966,997,2.5,6.8
9967,997,3.0,7.21
9968,997,3.5,8.0
9969,997,4.0,6.61
9970,997,4.5,6.7
9971,998,0.0,8.73
9972,998,0.5,8.16
9973,998,1.0,7.73
9974,998,1.5,8.39
9975,998,2.0,7.52
9976,998,2.5,7.26
9977,998,3.0,7.71
9978,998,3.5,7.61
9979,998,4.0,6.67
9980,998,4.5,8.1
9981,999,0.0,7.29
9982,999,0.5,7.38
9983,999,1.0,7.62
9984,999,1.5,8.26
9985,999,2.0,8.26
9986,999,2.5,6.65
9987,999,3.0,8.22
9988,999,3.5,8.22
9989,999,4.0,7.11
9990,999,4.5,6.38
9991,1000,0.0,8.91
9992,1000,0.5,8.87
9993,1000,1.0,8.09
9994,1000,1.5,8.24
9995,1000,2.0,7.22
9996,1000,2.5,7.9
9997,1000,3.0,7.17
9998,1000,3.5,7.64
9999,1000,4.0,7.88
10000,1000,4.5,6.95
